date,Qdaily
10/1/2007,5.99
10/2/2007,5.28
10/3/2007,4.15
10/4/2007,3.7
10/5/2007,5.39
10/6/2007,4.66
10/7/2007,4.13
10/8/2007,3.61
10/9/2007,3.09
10/10/2007,2.75
10/11/2007,3.31
10/12/2007,3.37
10/13/2007,2.97
10/14/2007,2.77
10/15/2007,3.18
10/16/2007,3.61
10/17/2007,3.65
10/18/2007,3.63
10/19/2007,5.01
10/20/2007,5.74
10/21/2007,5.84
10/22/2007,6.89
10/23/2007,14.9
10/24/2007,104
10/25/2007,101
10/26/2007,39.8
10/27/2007,23.9
10/28/2007,16.2
10/29/2007,11.8
10/30/2007,9.15
10/31/2007,7.22
11/1/2007,5.55
11/2/2007,4.59
11/3/2007,4.27
11/4/2007,4.11
11/5/2007,3.89
11/6/2007,3.5
11/7/2007,3.52
11/8/2007,3.28
11/9/2007,3.23
11/10/2007,3.12
11/11/2007,3.15
11/12/2007,3.52
11/13/2007,16.3
11/14/2007,97.1
11/15/2007,67.8
11/16/2007,37.2
11/17/2007,25.4
11/18/2007,19
11/19/2007,14.6
11/20/2007,12.1
11/21/2007,11.2
11/22/2007,220
11/23/2007,477
11/24/2007,329
11/25/2007,119
11/26/2007,164
11/27/2007,660
11/28/2007,585
11/29/2007,246
11/30/2007,119
12/1/2007,76.8
12/2/2007,87.7
12/3/2007,570
12/4/2007,560
12/5/2007,243
12/6/2007,114
12/7/2007,74.1
12/8/2007,62.3
12/9/2007,71.2
12/10/2007,208
12/11/2007,476
12/12/2007,1530
12/13/2007,1800
12/14/2007,1260
12/15/2007,727
12/16/2007,536
12/17/2007,606
12/18/2007,421
12/19/2007,254
12/20/2007,201
12/21/2007,172
12/22/2007,434
12/23/2007,1070
12/24/2007,931
12/25/2007,415
12/26/2007,179
12/27/2007,125
12/28/2007,109
12/29/2007,230
12/30/2007,225
12/31/2007,139
1/1/2008,108
1/2/2008,90.7
1/3/2008,65.5
1/4/2008,86.4
1/5/2008,65.9
1/6/2008,211
1/7/2008,298
1/8/2008,244
1/9/2008,1710
1/10/2008,1890
1/11/2008,1060
1/12/2008,606
1/13/2008,345
1/14/2008,232
1/15/2008,176
1/16/2008,130
1/17/2008,107
1/18/2008,132
1/19/2008,131
1/20/2008,75
1/21/2008,85
1/22/2008,50
1/23/2008,42
1/24/2008,35
1/25/2008,32
1/26/2008,29
1/27/2008,27
1/28/2008,25
1/29/2008,23
1/30/2008,35
1/31/2008,55
2/1/2008,33
2/2/2008,45
2/3/2008,55
2/4/2008,45
2/5/2008,750
2/6/2008,3970
2/7/2008,4520
2/8/2008,2370
2/9/2008,1230
2/10/2008,781
2/11/2008,381
2/12/2008,326
2/13/2008,235
2/14/2008,160
2/15/2008,121
2/16/2008,86
2/17/2008,189
2/18/2008,950
2/19/2008,894
2/20/2008,386
2/21/2008,201
2/22/2008,129
2/23/2008,83.1
2/24/2008,61.7
2/25/2008,55
2/26/2008,50
2/27/2008,45
2/28/2008,40
2/29/2008,36
3/1/2008,38
3/2/2008,51.5
3/3/2008,792
3/4/2008,2240
3/5/2008,1820
3/6/2008,1140
3/7/2008,750
3/8/2008,452
3/9/2008,261
3/10/2008,301
3/11/2008,211
3/12/2008,220
3/13/2008,390
3/14/2008,1640
3/15/2008,2530
3/16/2008,1860
3/17/2008,1170
3/18/2008,1170
3/19/2008,3070
3/20/2008,2720
3/21/2008,1400
3/22/2008,702
3/23/2008,444
3/24/2008,335
3/25/2008,259
3/26/2008,208
3/27/2008,193
3/28/2008,1950
3/29/2008,1920
3/30/2008,926
3/31/2008,495
4/1/2008,423
4/2/2008,365
4/3/2008,237
4/4/2008,569
4/5/2008,884
4/6/2008,506
4/7/2008,266
4/8/2008,176
4/9/2008,128
4/10/2008,105
4/11/2008,159
4/12/2008,505
4/13/2008,282
4/14/2008,275
4/15/2008,199
4/16/2008,133
4/17/2008,101
4/18/2008,78.1
4/19/2008,66.3
4/20/2008,64.6
4/21/2008,64.2
4/22/2008,58.5
4/23/2008,55.8
4/24/2008,49.8
4/25/2008,44.4
4/26/2008,41.4
4/27/2008,39.7
4/28/2008,37
4/29/2008,136
4/30/2008,136
5/1/2008,79.7
5/2/2008,112
5/3/2008,777
5/4/2008,1020
5/5/2008,548
5/6/2008,222
5/7/2008,127
5/8/2008,228
5/9/2008,420
5/10/2008,274
5/11/2008,251
5/12/2008,648
5/13/2008,577
5/14/2008,285
5/15/2008,191
5/16/2008,236
5/17/2008,218
5/18/2008,265
5/19/2008,404
5/20/2008,215
5/21/2008,112
5/22/2008,79.2
5/23/2008,57.6
5/24/2008,46.2
5/25/2008,39.2
5/26/2008,35.4
5/27/2008,33.4
5/28/2008,29.7
5/29/2008,24.9
5/30/2008,22.2
5/31/2008,70.4
6/1/2008,85.6
6/2/2008,57.9
6/3/2008,133
6/4/2008,377
6/5/2008,424
6/6/2008,215
6/7/2008,92.6
6/8/2008,62.2
6/9/2008,50.3
6/10/2008,173
6/11/2008,258
6/12/2008,196
6/13/2008,170
6/14/2008,308
6/15/2008,401
6/16/2008,190
6/17/2008,90.2
6/18/2008,59
6/19/2008,45.8
6/20/2008,35.8
6/21/2008,48.9
6/22/2008,84.4
6/23/2008,103
6/24/2008,59.5
6/25/2008,45
6/26/2008,314
6/27/2008,586
6/28/2008,339
6/29/2008,128
6/30/2008,65.1
7/1/2008,45.5
7/2/2008,34.8
7/3/2008,45
7/4/2008,186
7/5/2008,225
7/6/2008,86
7/7/2008,46.9
7/8/2008,39.7
7/9/2008,168
7/10/2008,332
7/11/2008,149
7/12/2008,109
7/13/2008,359
7/14/2008,775
7/15/2008,346
7/16/2008,104
7/17/2008,53.6
7/18/2008,34.8
7/19/2008,26.6
7/20/2008,21.6
7/21/2008,18.8
7/22/2008,18.2
7/23/2008,16.5
7/24/2008,13.5
7/25/2008,11.5
7/26/2008,10.2
7/27/2008,9.09
7/28/2008,8.23
7/29/2008,7.53
7/30/2008,7.14
7/31/2008,6.13
8/1/2008,5.89
8/2/2008,5.67
8/3/2008,5.31
8/4/2008,4.76
8/5/2008,4.13
8/6/2008,3.58
8/7/2008,3.24
8/8/2008,3.93
8/9/2008,3.76
8/10/2008,3.97
8/11/2008,3.29
8/12/2008,2.8
8/13/2008,3.59
8/14/2008,4.14
8/15/2008,3.68
8/16/2008,3.25
8/17/2008,3.51
8/18/2008,2.98
8/19/2008,2.81
8/20/2008,2.65
8/21/2008,2.48
8/22/2008,2.4
8/23/2008,2.27
8/24/2008,2.65
8/25/2008,4.14
8/26/2008,3.24
8/27/2008,3.11
8/28/2008,3.52
8/29/2008,3.47
8/30/2008,3.04
8/31/2008,2.56
9/1/2008,2.28
9/2/2008,2.32
9/3/2008,2.42
9/4/2008,2.24
9/5/2008,2.48
9/6/2008,2.65
9/7/2008,2.52
9/8/2008,2.48
9/9/2008,3.13
9/10/2008,2.97
9/11/2008,2.7
9/12/2008,4.68
9/13/2008,168
9/14/2008,253
9/15/2008,109
9/16/2008,47.5
9/17/2008,24.2
9/18/2008,11.7
9/19/2008,7.27
9/20/2008,5.22
9/21/2008,4.24
9/22/2008,3.22
9/23/2008,2.73
9/24/2008,2.63
9/25/2008,2.82
9/26/2008,2.85
9/27/2008,3.25
9/28/2008,3.36
9/29/2008,3.16
9/30/2008,3.65
10/1/2008,3.35
10/2/2008,3.73
10/3/2008,4.03
10/4/2008,3.97
10/5/2008,3.63
10/6/2008,3.36
10/7/2008,3.16
10/8/2008,3.63
10/9/2008,3.49
10/10/2008,3.32
10/11/2008,3.27
10/12/2008,3.23
10/13/2008,3.25
10/14/2008,3.06
10/15/2008,3.28
10/16/2008,5.65
10/17/2008,5.91
10/18/2008,5.71
10/19/2008,6.9
10/20/2008,6.62
10/21/2008,6.05
10/22/2008,5.36
10/23/2008,5.13
10/24/2008,5.28
10/25/2008,5.81
10/26/2008,5.21
10/27/2008,5.05
10/28/2008,5
10/29/2008,5.71
10/30/2008,5.39
10/31/2008,5.12
11/1/2008,4.87
11/2/2008,4.63
11/3/2008,4.51
11/4/2008,4.32
11/5/2008,4.57
11/6/2008,4.19
11/7/2008,4.33
11/8/2008,4.78
11/9/2008,4.61
11/10/2008,4.28
11/11/2008,4.1
11/12/2008,5.16
11/13/2008,7.47
11/14/2008,7.45
11/15/2008,32
11/16/2008,162
11/17/2008,102
11/18/2008,42
11/19/2008,22.1
11/20/2008,14.1
11/21/2008,10.6
11/22/2008,8.02
11/23/2008,6.88
11/24/2008,6.53
11/25/2008,6.43
11/26/2008,6.61
11/27/2008,7.96
11/28/2008,6.2
11/29/2008,6.29
11/30/2008,7.1
12/1/2008,17.7
12/2/2008,60.4
12/3/2008,43.7
12/4/2008,29.7
12/5/2008,33.8
12/6/2008,24.5
12/7/2008,24.2
12/8/2008,17.4
12/9/2008,26.2
12/10/2008,523
12/11/2008,569
12/12/2008,240
12/13/2008,93.3
12/14/2008,55.5
12/15/2008,146
12/16/2008,238
12/17/2008,118
12/18/2008,65.7
12/19/2008,240
12/20/2008,597
12/21/2008,373
12/22/2008,170
12/23/2008,220
12/24/2008,516
12/25/2008,828
12/26/2008,710
12/27/2008,764
12/28/2008,1120
12/29/2008,871
12/30/2008,421
12/31/2008,233
1/1/2009,142
1/2/2009,95.2
1/3/2009,72.5
1/4/2009,54
1/5/2009,45
1/6/2009,38
1/7/2009,36
1/8/2009,34
1/9/2009,36
1/10/2009,30
1/11/2009,27
1/12/2009,26
1/13/2009,22
1/14/2009,24
1/15/2009,26
1/16/2009,23
1/17/2009,24
1/18/2009,24
1/19/2009,24
1/20/2009,23
1/21/2009,23
1/22/2009,23
1/23/2009,22
1/24/2009,21
1/25/2009,20
1/26/2009,19
1/27/2009,18
1/28/2009,19
1/29/2009,21
1/30/2009,23
1/31/2009,24
2/1/2009,23
2/2/2009,21
2/3/2009,19
2/4/2009,18
2/5/2009,16
2/6/2009,15
2/7/2009,26
2/8/2009,504
2/9/2009,935
2/10/2009,1670
2/11/2009,2930
2/12/2009,3370
2/13/2009,2100
2/14/2009,1090
2/15/2009,628
2/16/2009,370
2/17/2009,257
2/18/2009,203
2/19/2009,228
2/20/2009,146
2/21/2009,102
2/22/2009,80
2/23/2009,70
2/24/2009,60
2/25/2009,50
2/26/2009,60
2/27/2009,274
2/28/2009,485
3/1/2009,231
3/2/2009,95.2
3/3/2009,107
3/4/2009,79.9
3/5/2009,53.1
3/6/2009,51.7
3/7/2009,94
3/8/2009,1850
3/9/2009,3630
3/10/2009,2000
3/11/2009,1440
3/12/2009,914
3/13/2009,476
3/14/2009,293
3/15/2009,198
3/16/2009,137
3/17/2009,101
3/18/2009,80.2
3/19/2009,68.9
3/20/2009,62
3/21/2009,53
3/22/2009,47.2
3/23/2009,43.3
3/24/2009,37.7
3/25/2009,34.9
3/26/2009,34.8
3/27/2009,33.6
3/28/2009,31.1
3/29/2009,30.7
3/30/2009,31.7
3/31/2009,30.1
4/1/2009,27.4
4/2/2009,30.9
4/3/2009,31.3
4/4/2009,33.5
4/5/2009,34.2
4/6/2009,36.5
4/7/2009,60.3
4/8/2009,56.7
4/9/2009,43.8
4/10/2009,36.6
4/11/2009,32.7
4/12/2009,29.9
4/13/2009,27.8
4/14/2009,75.4
4/15/2009,462
4/16/2009,382
4/17/2009,197
4/18/2009,113
4/19/2009,83.5
4/20/2009,319
4/21/2009,768
4/22/2009,512
4/23/2009,229
4/24/2009,123
4/25/2009,88.5
4/26/2009,68.3
4/27/2009,55.3
4/28/2009,50.1
4/29/2009,51.6
4/30/2009,95.9
5/1/2009,295
5/2/2009,253
5/3/2009,184
5/4/2009,105
5/5/2009,75.1
5/6/2009,59.8
5/7/2009,56.1
5/8/2009,69.9
5/9/2009,71.6
5/10/2009,56.7
5/11/2009,44.2
5/12/2009,36.7
5/13/2009,35.5
5/14/2009,56.9
5/15/2009,89.5
5/16/2009,64.4
5/17/2009,47
5/18/2009,40.3
5/19/2009,32.9
5/20/2009,27.9
5/21/2009,23.7
5/22/2009,21.6
5/23/2009,20.2
5/24/2009,19.2
5/25/2009,17.8
5/26/2009,19.7
5/27/2009,46.3
5/28/2009,356
5/29/2009,512
5/30/2009,297
5/31/2009,98.4
6/1/2009,57.5
6/2/2009,182
6/3/2009,289
6/4/2009,139
6/5/2009,88
6/6/2009,59.9
6/7/2009,44.2
6/8/2009,35.2
6/9/2009,31.4
6/10/2009,28.9
6/11/2009,25.5
6/12/2009,25.1
6/13/2009,25.1
6/14/2009,21.3
6/15/2009,17.6
6/16/2009,14.8
6/17/2009,13.6
6/18/2009,12.9
6/19/2009,51.3
6/20/2009,427
6/21/2009,324
6/22/2009,99.9
6/23/2009,46.8
6/24/2009,31.3
6/25/2009,24.3
6/26/2009,48.9
6/27/2009,124
6/28/2009,49.1
6/29/2009,29.1
6/30/2009,22.2
7/1/2009,17.5
7/2/2009,14.3
7/3/2009,11.4
7/4/2009,9.73
7/5/2009,8.61
7/6/2009,7.56
7/7/2009,6.42
7/8/2009,5.43
7/9/2009,4.77
7/10/2009,4.28
7/11/2009,4.73
7/12/2009,4.56
7/13/2009,3.99
7/14/2009,3.56
7/15/2009,3.42
7/16/2009,3.31
7/17/2009,2.99
7/18/2009,2.68
7/19/2009,2.43
7/20/2009,2.41
7/21/2009,2.61
7/22/2009,2.72
7/23/2009,6.72
7/24/2009,17.5
7/25/2009,20.2
7/26/2009,10.5
7/27/2009,6.63
7/28/2009,5.47
7/29/2009,4.87
7/30/2009,4.44
7/31/2009,20.4
8/1/2009,33.5
8/2/2009,16.3
8/3/2009,8.44
8/4/2009,5.76
8/5/2009,4.29
8/6/2009,3.27
8/7/2009,2.97
8/8/2009,2.5
8/9/2009,2.31
8/10/2009,2.05
8/11/2009,1.8
8/12/2009,1.67
8/13/2009,1.46
8/14/2009,1.39
8/15/2009,1.27
8/16/2009,1.11
8/17/2009,1.12
8/18/2009,1.5
8/19/2009,3
8/20/2009,4.05
8/21/2009,6.78
8/22/2009,6.13
8/23/2009,9.44
8/24/2009,5.42
8/25/2009,3.74
8/26/2009,2.98
8/27/2009,2.55
8/28/2009,2.61
8/29/2009,3.71
8/30/2009,9.46
8/31/2009,7.11
9/1/2009,5.79
9/2/2009,3.7
9/3/2009,2.77
9/4/2009,2.2
9/5/2009,1.84
9/6/2009,1.51
9/7/2009,1.48
9/8/2009,2.1
9/9/2009,2.86
9/10/2009,4.08
9/11/2009,4.62
9/12/2009,3.22
9/13/2009,2.32
9/14/2009,1.88
9/15/2009,1.8
9/16/2009,1.68
9/17/2009,1.56
9/18/2009,1.48
9/19/2009,1.35
9/20/2009,1.31
9/21/2009,1.36
9/22/2009,1.4
9/23/2009,1.37
9/24/2009,1.26
9/25/2009,1.25
9/26/2009,1.28
9/27/2009,1.44
9/28/2009,1.75
9/29/2009,1.95
9/30/2009,1.94
10/1/2009,1.85
10/2/2009,4.69
10/3/2009,19.4
10/4/2009,30.5
10/5/2009,14.8
10/6/2009,8.64
10/7/2009,7.21
10/8/2009,5.72
10/9/2009,6.13
10/10/2009,7.43
10/11/2009,9.86
10/12/2009,11.3
10/13/2009,11.3
10/14/2009,8.41
10/15/2009,6.35
10/16/2009,6.26
10/17/2009,5.65
10/18/2009,4.75
10/19/2009,5.13
10/20/2009,4.77
10/21/2009,5.39
10/22/2009,6.78
10/23/2009,8.81
10/24/2009,9.74
10/25/2009,9.59
10/26/2009,9.42
10/27/2009,8.85
10/28/2009,11.2
10/29/2009,27.1
10/30/2009,39.4
10/31/2009,25.3
11/1/2009,56.4
11/2/2009,56.7
11/3/2009,27.8
11/4/2009,18
11/5/2009,13.2
11/6/2009,10.2
11/7/2009,8.54
11/8/2009,7.09
11/9/2009,5.94
11/10/2009,5.19
11/11/2009,4.61
11/12/2009,4.28
11/13/2009,3.86
11/14/2009,3.47
11/15/2009,3.31
11/16/2009,3.12
11/17/2009,3.03
11/18/2009,3.08
11/19/2009,3.41
11/20/2009,3.29
11/21/2009,3
11/22/2009,3
11/23/2009,3.02
11/24/2009,3.03
11/25/2009,3.06
11/26/2009,2.9
11/27/2009,2.96
11/28/2009,2.69
11/29/2009,2.53
11/30/2009,2.84
12/1/2009,2.7
12/2/2009,3.17
12/3/2009,5.57
12/4/2009,13.7
12/5/2009,21.2
12/6/2009,13.8
12/7/2009,8.99
12/8/2009,6.48
12/9/2009,7.88
12/10/2009,60.2
12/11/2009,104
12/12/2009,102
12/13/2009,51.8
12/14/2009,40
12/15/2009,61.1
12/16/2009,68
12/17/2009,85
12/18/2009,49.3
12/19/2009,24.3
12/20/2009,19.4
12/21/2009,16.7
12/22/2009,14
12/23/2009,11.6
12/24/2009,9.5
12/25/2009,20.1
12/26/2009,232
12/27/2009,203
12/28/2009,90.4
12/29/2009,48
12/30/2009,44
12/31/2009,35
1/1/2010,29
1/2/2010,24
1/3/2010,28
1/4/2010,25
1/5/2010,23
1/6/2010,22
1/7/2010,20
1/8/2010,21
1/9/2010,19
1/10/2010,18
1/11/2010,17
1/12/2010,16
1/13/2010,15
1/14/2010,14
1/15/2010,14
1/16/2010,14
1/17/2010,15
1/18/2010,25
1/19/2010,45
1/20/2010,43
1/21/2010,34
1/22/2010,29
1/23/2010,34
1/24/2010,330
1/25/2010,710
1/26/2010,647
1/27/2010,238
1/28/2010,91.1
1/29/2010,66
1/30/2010,58
1/31/2010,42
2/1/2010,34
2/2/2010,29
2/3/2010,26
2/4/2010,23
2/5/2010,21
2/6/2010,20
2/7/2010,24
2/8/2010,22
2/9/2010,21
2/10/2010,23
2/11/2010,24
2/12/2010,22
2/13/2010,21
2/14/2010,20
2/15/2010,19
2/16/2010,18
2/17/2010,17
2/18/2010,16
2/19/2010,15
2/20/2010,14
2/21/2010,14
2/22/2010,16
2/23/2010,32
2/24/2010,97.4
2/25/2010,103
2/26/2010,77.5
2/27/2010,60
2/28/2010,55
3/1/2010,53
3/2/2010,62
3/3/2010,80
3/4/2010,78
3/5/2010,72
3/6/2010,66
3/7/2010,75
3/8/2010,147
3/9/2010,421
3/10/2010,903
3/11/2010,1490
3/12/2010,1280
3/13/2010,795
3/14/2010,748
3/15/2010,683
3/16/2010,371
3/17/2010,186
3/18/2010,125
3/19/2010,98.4
3/20/2010,80.3
3/21/2010,67.1
3/22/2010,71.5
3/23/2010,147
3/24/2010,111
3/25/2010,82.7
3/26/2010,86.2
3/27/2010,159
3/28/2010,183
3/29/2010,513
3/30/2010,310
3/31/2010,152
4/1/2010,109
4/2/2010,84.3
4/3/2010,65.1
4/4/2010,54.3
4/5/2010,47.8
4/6/2010,45.9
4/7/2010,43.7
4/8/2010,66.7
4/9/2010,113
4/10/2010,74.7
4/11/2010,53.3
4/12/2010,44.5
4/13/2010,39.1
4/14/2010,34.4
4/15/2010,31.9
4/16/2010,31.7
4/17/2010,32.6
4/18/2010,29.7
4/19/2010,27.5
4/20/2010,25.4
4/21/2010,23.7
4/22/2010,24.1
4/23/2010,23.8
4/24/2010,22.8
4/25/2010,29.8
4/26/2010,413
4/27/2010,545
4/28/2010,264
4/29/2010,111
4/30/2010,73.2
5/1/2010,56.9
5/2/2010,53.8
5/3/2010,51.7
5/4/2010,46.8
5/5/2010,40.4
5/6/2010,35.4
5/7/2010,41.1
5/8/2010,76.7
5/9/2010,73.3
5/10/2010,49.8
5/11/2010,149
5/12/2010,624
5/13/2010,997
5/14/2010,923
5/15/2010,518
5/16/2010,204
5/17/2010,137
5/18/2010,453
5/19/2010,393
5/20/2010,182
5/21/2010,169
5/22/2010,235
5/23/2010,163
5/24/2010,87.3
5/25/2010,64.1
5/26/2010,48.1
5/27/2010,40.1
5/28/2010,35.1
5/29/2010,34.5
5/30/2010,29.6
5/31/2010,37.3
6/1/2010,176
6/2/2010,448
6/3/2010,292
6/4/2010,135
6/5/2010,358
6/6/2010,797
6/7/2010,946
6/8/2010,567
6/9/2010,331
6/10/2010,432
6/11/2010,269
6/12/2010,113
6/13/2010,146
6/14/2010,319
6/15/2010,159
6/16/2010,118
6/17/2010,76.8
6/18/2010,51.4
6/19/2010,38.8
6/20/2010,31.6
6/21/2010,26.3
6/22/2010,26
6/23/2010,87.2
6/24/2010,711
6/25/2010,535
6/26/2010,150
6/27/2010,104
6/28/2010,628
6/29/2010,833
6/30/2010,528
7/1/2010,153
7/2/2010,72.5
7/3/2010,46
7/4/2010,34.9
7/5/2010,28.4
7/6/2010,23.5
7/7/2010,19.5
7/8/2010,16.5
7/9/2010,20.2
7/10/2010,23.5
7/11/2010,22.7
7/12/2010,18.6
7/13/2010,13.7
7/14/2010,12.4
7/15/2010,10.5
7/16/2010,8.98
7/17/2010,7.89
7/18/2010,7.26
7/19/2010,8.79
7/20/2010,11.6
7/21/2010,10.8
7/22/2010,8.28
7/23/2010,6.96
7/24/2010,19
7/25/2010,96.2
7/26/2010,85.7
7/27/2010,35.6
7/28/2010,20.6
7/29/2010,19.7
7/30/2010,24.6
7/31/2010,13.8
8/1/2010,8.55
8/2/2010,6.07
8/3/2010,6.66
8/4/2010,7.66
8/5/2010,25.6
8/6/2010,98.1
8/7/2010,94.1
8/8/2010,33.3
8/9/2010,18.5
8/10/2010,11.5
8/11/2010,8.59
8/12/2010,7.4
8/13/2010,6.1
8/14/2010,5.86
8/15/2010,5.55
8/16/2010,5.28
8/17/2010,4.51
8/18/2010,5.33
8/19/2010,5.16
8/20/2010,3.94
8/21/2010,7.43
8/22/2010,88
8/23/2010,57.2
8/24/2010,25.1
8/25/2010,14.6
8/26/2010,9.33
8/27/2010,6.94
8/28/2010,5.51
8/29/2010,4.5
8/30/2010,3.78
8/31/2010,3.14
9/1/2010,2.67
9/2/2010,2.33
9/3/2010,2.19
9/4/2010,2.13
9/5/2010,1.92
9/6/2010,1.73
9/7/2010,1.49
9/8/2010,1.66
9/9/2010,1.77
9/10/2010,1.8
9/11/2010,2.07
9/12/2010,2.61
9/13/2010,2.31
9/14/2010,2.07
9/15/2010,1.9
9/16/2010,2.19
9/17/2010,3.15
9/18/2010,3.12
9/19/2010,3.62
9/20/2010,3.24
9/21/2010,2.64
9/22/2010,2.53
9/23/2010,2.36
9/24/2010,2.19
9/25/2010,1.97
9/26/2010,1.97
9/27/2010,2.17
9/28/2010,7.96
9/29/2010,33.1
9/30/2010,28.8
10/1/2010,10.2
10/2/2010,6.23
10/3/2010,5.87
10/4/2010,27
10/5/2010,49.2
10/6/2010,22.2
10/7/2010,12.3
10/8/2010,7.78
10/9/2010,5.58
10/10/2010,4.41
10/11/2010,3.39
10/12/2010,3.33
10/13/2010,3.4
10/14/2010,5.11
10/15/2010,4.79
10/16/2010,6.95
10/17/2010,8.55
10/18/2010,7.2
10/19/2010,5.39
10/20/2010,4.25
10/21/2010,3.18
10/22/2010,3.16
10/23/2010,3.72
10/24/2010,3.58
10/25/2010,3.6
10/26/2010,4.29
10/27/2010,5.04
10/28/2010,7.92
10/29/2010,11.5
10/30/2010,8.18
10/31/2010,5.99
11/1/2010,4.74
11/2/2010,3.78
11/3/2010,3
11/4/2010,2.92
11/5/2010,3.65
11/6/2010,3.08
11/7/2010,2.49
11/8/2010,2.42
11/9/2010,2.86
11/10/2010,3.08
11/11/2010,2.96
11/12/2010,2.87
11/13/2010,2.68
11/14/2010,2.83
11/15/2010,2.56
11/16/2010,3.17
11/17/2010,7.24
11/18/2010,14.1
11/19/2010,11.8
11/20/2010,7.37
11/21/2010,4.94
11/22/2010,4.57
11/23/2010,7.96
11/24/2010,15.4
11/25/2010,294
11/26/2010,1030
11/27/2010,957
11/28/2010,382
11/29/2010,118
11/30/2010,341
12/1/2010,845
12/2/2010,578
12/3/2010,192
12/4/2010,94.3
12/5/2010,64.1
12/6/2010,47.9
12/7/2010,30
12/8/2010,28
12/9/2010,24
12/10/2010,19
12/11/2010,18
12/12/2010,29
12/13/2010,70
12/14/2010,92.2
12/15/2010,82
12/16/2010,51
12/17/2010,35
12/18/2010,26
12/19/2010,21
12/20/2010,19
12/21/2010,17
12/22/2010,15
12/23/2010,14
12/24/2010,13
12/25/2010,12
12/26/2010,11.1
12/27/2010,11
12/28/2010,10.4
12/29/2010,10.4
12/30/2010,12.5
12/31/2010,233
1/1/2011,803
1/2/2011,1000
1/3/2011,500
1/4/2011,134
1/5/2011,79
1/6/2011,54
1/7/2011,40
1/8/2011,33
1/9/2011,27
1/10/2011,20
1/11/2011,19
1/12/2011,18
1/13/2011,17
1/14/2011,16
1/15/2011,15
1/16/2011,14
1/17/2011,13
1/18/2011,12
1/19/2011,16
1/20/2011,25
1/21/2011,22
1/22/2011,18
1/23/2011,16.9
1/24/2011,16.1
1/25/2011,15
1/26/2011,14.2
1/27/2011,14.2
1/28/2011,13.2
1/29/2011,12.2
1/30/2011,11.3
1/31/2011,10.3
2/1/2011,11.5
2/2/2011,12.8
2/3/2011,13.7
2/4/2011,14
2/5/2011,14
2/6/2011,13.9
2/7/2011,13.4
2/8/2011,12.5
2/9/2011,11.6
2/10/2011,11
2/11/2011,10.1
2/12/2011,9
2/13/2011,8
2/14/2011,19.2
2/15/2011,91.7
2/16/2011,194
2/17/2011,873
2/18/2011,2030
2/19/2011,1600
2/20/2011,811
2/21/2011,387
2/22/2011,222
2/23/2011,173
2/24/2011,119
2/25/2011,116
2/26/2011,107
2/27/2011,129
2/28/2011,3960
3/1/2011,3630
3/2/2011,1870
3/3/2011,1060
3/4/2011,725
3/5/2011,1390
3/6/2011,2350
3/7/2011,1550
3/8/2011,926
3/9/2011,936
3/10/2011,1490
3/11/2011,1250
3/12/2011,942
3/13/2011,708
3/14/2011,413
3/15/2011,286
3/16/2011,412
3/17/2011,344
3/18/2011,225
3/19/2011,152
3/20/2011,115
3/21/2011,101
3/22/2011,95
3/23/2011,89.4
3/24/2011,87.4
3/25/2011,71.5
3/26/2011,61.4
3/27/2011,56.5
3/28/2011,52.8
3/29/2011,48.1
3/30/2011,43.6
3/31/2011,45.8
4/1/2011,43.8
4/2/2011,45.1
4/3/2011,43.1
4/4/2011,294
4/5/2011,1340
4/6/2011,1150
4/7/2011,534
4/8/2011,311
4/9/2011,308
4/10/2011,193
4/11/2011,152
4/12/2011,127
4/13/2011,96.3
4/14/2011,76.1
4/15/2011,63.3
4/16/2011,63.5
4/17/2011,72.3
4/18/2011,64.7
4/19/2011,142
4/20/2011,982
4/21/2011,1090
4/22/2011,558
4/23/2011,549
4/24/2011,427
4/25/2011,877
4/26/2011,2910
4/27/2011,1760
4/28/2011,926
4/29/2011,557
4/30/2011,302
5/1/2011,179
5/2/2011,538
5/3/2011,1310
5/4/2011,1400
5/5/2011,848
5/6/2011,425
5/7/2011,228
5/8/2011,148
5/9/2011,111
5/10/2011,92.8
5/11/2011,79.6
5/12/2011,65.9
5/13/2011,59.6
5/14/2011,242
5/15/2011,866
5/16/2011,631
5/17/2011,576
5/18/2011,628
5/19/2011,728
5/20/2011,464
5/21/2011,200
5/22/2011,119
5/23/2011,91.3
5/24/2011,90
5/25/2011,200
5/26/2011,2260
5/27/2011,2320
5/28/2011,1200
5/29/2011,1130
5/30/2011,618
5/31/2011,224
6/1/2011,119
6/2/2011,81.5
6/3/2011,65.3
6/4/2011,53.9
6/5/2011,43.5
6/6/2011,39.1
6/7/2011,36.7
6/8/2011,32.1
6/9/2011,28.8
6/10/2011,30.4
6/11/2011,113
6/12/2011,177
6/13/2011,75.8
6/14/2011,47.8
6/15/2011,35.9
6/16/2011,31.2
6/17/2011,33
6/18/2011,45.1
6/19/2011,131
6/20/2011,740
6/21/2011,622
6/22/2011,224
6/23/2011,104
6/24/2011,70.3
6/25/2011,52.3
6/26/2011,36.9
6/27/2011,28.8
6/28/2011,25.9
6/29/2011,21.5
6/30/2011,19.1
7/1/2011,16.6
7/2/2011,14.8
7/3/2011,14.3
7/4/2011,13.9
7/5/2011,12.7
7/6/2011,11.5
7/7/2011,10.8
7/8/2011,9.94
7/9/2011,9.25
7/10/2011,8.71
7/11/2011,12.6
7/12/2011,35.5
7/13/2011,52.5
7/14/2011,25.3
7/15/2011,16
7/16/2011,12.1
7/17/2011,10.1
7/18/2011,10.5
7/19/2011,14
7/20/2011,10
7/21/2011,11.4
7/22/2011,10
7/23/2011,300
7/24/2011,3500
7/25/2011,2500
7/26/2011,1240
7/27/2011,555
7/28/2011,206
7/29/2011,108
7/30/2011,69.9
7/31/2011,47
8/1/2011,35.3
8/2/2011,29.1
8/3/2011,25.6
8/4/2011,23.5
8/5/2011,21.9
8/6/2011,23.7
8/7/2011,313
8/8/2011,216
8/9/2011,77.9
8/10/2011,184
8/11/2011,132
8/12/2011,52.8
8/13/2011,31.3
8/14/2011,24.3
8/15/2011,21.7
8/16/2011,21
8/17/2011,18.1
8/18/2011,15.3
8/19/2011,13.9
8/20/2011,12.8
8/21/2011,12.3
8/22/2011,12.5
8/23/2011,11.4
8/24/2011,28.7
8/25/2011,182
8/26/2011,164
8/27/2011,57.4
8/28/2011,29.9
8/29/2011,20.2
8/30/2011,16.4
8/31/2011,15.1
9/1/2011,13.3
9/2/2011,11.4
9/3/2011,10.7
9/4/2011,13.7
9/5/2011,27.1
9/6/2011,28.8
9/7/2011,22.4
9/8/2011,47.5
9/9/2011,86.9
9/10/2011,235
9/11/2011,178
9/12/2011,141
9/13/2011,64.3
9/14/2011,32.5
9/15/2011,24.1
9/16/2011,19.2
9/17/2011,16.6
9/18/2011,15.5
9/19/2011,13.9
9/20/2011,15
9/21/2011,27.7
9/22/2011,169
9/23/2011,341
9/24/2011,592
9/25/2011,243
9/26/2011,385
9/27/2011,693
9/28/2011,342
9/29/2011,173
9/30/2011,492
10/1/2011,594
10/2/2011,409
10/3/2011,194
10/4/2011,121
10/5/2011,92.7
10/6/2011,70.5
10/7/2011,57.5
10/8/2011,47.3
10/9/2011,39.4
10/10/2011,33.7
10/11/2011,33.6
10/12/2011,30.1
10/13/2011,28.9
10/14/2011,33
10/15/2011,37.5
10/16/2011,35.7
10/17/2011,31.6
10/18/2011,28.4
10/19/2011,212
10/20/2011,2000
10/21/2011,1810
10/22/2011,1020
10/23/2011,512
10/24/2011,244
10/25/2011,159
10/26/2011,158
10/27/2011,379
10/28/2011,500
10/29/2011,325
10/30/2011,209
10/31/2011,168
11/1/2011,128
11/2/2011,105
11/3/2011,84.2
11/4/2011,73.1
11/5/2011,59
11/6/2011,48.5
11/7/2011,42.7
11/8/2011,38.7
11/9/2011,39.2
11/10/2011,39.5
11/11/2011,36.7
11/12/2011,32.7
11/13/2011,28.3
11/14/2011,187
11/15/2011,1220
11/16/2011,1210
11/17/2011,677
11/18/2011,288
11/19/2011,150
11/20/2011,104
11/21/2011,83.7
11/22/2011,223
11/23/2011,1070
11/24/2011,884
11/25/2011,393
11/26/2011,189
11/27/2011,224
11/28/2011,1020
11/29/2011,2000
11/30/2011,2170
12/1/2011,1310
12/2/2011,691
12/3/2011,353
12/4/2011,219
12/5/2011,1040
12/6/2011,2280
12/7/2011,1790
12/8/2011,964
12/9/2011,544
12/10/2011,313
12/11/2011,193
12/12/2011,132
12/13/2011,102
12/14/2011,103
12/15/2011,666
12/16/2011,936
12/17/2011,549
12/18/2011,250
12/19/2011,173
12/20/2011,189
12/21/2011,973
12/22/2011,1260
12/23/2011,856
12/24/2011,484
12/25/2011,265
12/26/2011,173
12/27/2011,198
12/28/2011,549
12/29/2011,365
12/30/2011,197
12/31/2011,427
1/1/2012,429
1/2/2012,216
1/3/2012,139
1/4/2012,100
1/5/2012,99.8
1/6/2012,84.3
1/7/2012,93.1
1/8/2012,93.4
1/9/2012,77.4
1/10/2012,69.2
1/11/2012,65.9
1/12/2012,154
1/13/2012,186
1/14/2012,97.4
1/15/2012,74.8
1/16/2012,70.4
1/17/2012,736
1/18/2012,930
1/19/2012,368
1/20/2012,144
1/21/2012,95.4
1/22/2012,80.4
1/23/2012,624
1/24/2012,1100
1/25/2012,599
1/26/2012,474
1/27/2012,1700
1/28/2012,1690
1/29/2012,881
1/30/2012,418
1/31/2012,279
2/1/2012,357
2/2/2012,277
2/3/2012,172
2/4/2012,138
2/5/2012,213
2/6/2012,282
2/7/2012,198
2/8/2012,139
2/9/2012,117
2/10/2012,99.9
2/11/2012,89.1
2/12/2012,73.5
2/13/2012,69.2
2/14/2012,65.9
2/15/2012,60.3
2/16/2012,103
2/17/2012,223
2/18/2012,150
2/19/2012,103
2/20/2012,79.7
2/21/2012,68.3
2/22/2012,73.9
2/23/2012,79.2
2/24/2012,525
2/25/2012,367
2/26/2012,159
2/27/2012,118
2/28/2012,97.7
2/29/2012,413
3/1/2012,745
3/2/2012,484
3/3/2012,612
3/4/2012,362
3/5/2012,184
3/6/2012,138
3/7/2012,116
3/8/2012,104
3/9/2012,106
3/10/2012,94.1
3/11/2012,75.3
3/12/2012,85.8
3/13/2012,228
3/14/2012,188
3/15/2012,119
3/16/2012,517
3/17/2012,398
3/18/2012,241
3/19/2012,959
3/20/2012,1020
3/21/2012,489
3/22/2012,213
3/23/2012,128
3/24/2012,99.7
3/25/2012,84
3/26/2012,68.7
3/27/2012,61
3/28/2012,54.1
3/29/2012,52
3/30/2012,47.3
3/31/2012,46.5
4/1/2012,50.9
4/2/2012,42.8
4/3/2012,40.8
4/4/2012,36.2
4/5/2012,33.9
4/6/2012,31.2
4/7/2012,27
4/8/2012,24.9
4/9/2012,24.5
4/10/2012,24.6
4/11/2012,25.9
4/12/2012,26.9
4/13/2012,25.3
4/14/2012,23.1
4/15/2012,22.8
4/16/2012,22.9
4/17/2012,22
4/18/2012,19.8
4/19/2012,18.5
4/20/2012,18
4/21/2012,24.6
4/22/2012,46
4/23/2012,35.3
4/24/2012,28
4/25/2012,25.2
4/26/2012,25.2
4/27/2012,26.2
4/28/2012,25.5
4/29/2012,21.9
4/30/2012,21.1
5/1/2012,43.1
5/2/2012,99.1
5/3/2012,52.4
5/4/2012,40.3
5/5/2012,284
5/6/2012,352
5/7/2012,110
5/8/2012,82
5/9/2012,321
5/10/2012,176
5/11/2012,85.9
5/12/2012,52.8
5/13/2012,39.4
5/14/2012,34.5
5/15/2012,30.4
5/16/2012,27.4
5/17/2012,24.5
5/18/2012,22.1
5/19/2012,19.3
5/20/2012,17.8
5/21/2012,16.4
5/22/2012,16.2
5/23/2012,16.7
5/24/2012,15.2
5/25/2012,14.5
5/26/2012,17.2
5/27/2012,29.3
5/28/2012,21.3
5/29/2012,16.7
5/30/2012,14.9
5/31/2012,13.2
6/1/2012,12.8
6/2/2012,13.5
6/3/2012,16
6/4/2012,13.4
6/5/2012,11.5
6/6/2012,10.6
6/7/2012,9.52
6/8/2012,7.88
6/9/2012,6.44
6/10/2012,6.43
6/11/2012,8.14
6/12/2012,7.84
6/13/2012,7.4
6/14/2012,7.4
6/15/2012,7.03
6/16/2012,6.78
6/17/2012,8
6/18/2012,20.6
6/19/2012,258
6/20/2012,149
6/21/2012,43.4
6/22/2012,25.2
6/23/2012,15.8
6/24/2012,11.7
6/25/2012,9.45
6/26/2012,7.66
6/27/2012,6.46
6/28/2012,5.47
6/29/2012,4.86
6/30/2012,4.64
7/1/2012,4.29
7/2/2012,3.78
7/3/2012,3.48
7/4/2012,3.19
7/5/2012,3.38
7/6/2012,3.04
7/7/2012,2.85
7/8/2012,2.62
7/9/2012,3.42
7/10/2012,3.05
7/11/2012,2.56
7/12/2012,2.22
7/13/2012,1.99
7/14/2012,1.81
7/15/2012,1.81
7/16/2012,1.78
7/17/2012,1.57
7/18/2012,1.53
7/19/2012,1.9
7/20/2012,2.4
7/21/2012,2.71
7/22/2012,3.26
7/23/2012,2.87
7/24/2012,2.72
7/25/2012,2.34
7/26/2012,2.09
7/27/2012,2.1
7/28/2012,2.21
7/29/2012,2.11
7/30/2012,1.97
7/31/2012,1.97
8/1/2012,2.06
8/2/2012,1.97
8/3/2012,1.89
8/4/2012,1.76
8/5/2012,2.34
8/6/2012,2.21
8/7/2012,1.94
8/8/2012,1.76
8/9/2012,1.68
8/10/2012,2.24
8/11/2012,2.19
8/12/2012,2.15
8/13/2012,2.14
8/14/2012,2.61
8/15/2012,2.35
8/16/2012,2.18
8/17/2012,2.14
8/18/2012,1.93
8/19/2012,1.77
8/20/2012,2.01
8/21/2012,2.53
8/22/2012,2.22
8/23/2012,1.9
8/24/2012,1.68
8/25/2012,1.51
8/26/2012,1.34
8/27/2012,1.75
8/28/2012,2.01
8/29/2012,1.76
8/30/2012,1.7
8/31/2012,1.58
9/1/2012,1.58
9/2/2012,2.68
9/3/2012,5.57
9/4/2012,6.23
9/5/2012,6.92
9/6/2012,5.77
9/7/2012,3.92
9/8/2012,17.8
9/9/2012,58.8
9/10/2012,25.6
9/11/2012,10.5
9/12/2012,5.6
9/13/2012,4.08
9/14/2012,3.39
9/15/2012,2.86
9/16/2012,2.42
9/17/2012,2.49
9/18/2012,3.92
9/19/2012,4.43
9/20/2012,4
9/21/2012,3.75
9/22/2012,6.76
9/23/2012,11.3
9/24/2012,14.5
9/25/2012,9.54
9/26/2012,8.09
9/27/2012,22.5
9/28/2012,31.9
9/29/2012,22.8
9/30/2012,15.7
10/1/2012,10.3
10/2/2012,8.84
10/3/2012,7.68
10/4/2012,11.3
10/5/2012,12.8
10/6/2012,85
10/7/2012,180
10/8/2012,67.8
10/9/2012,27.8
10/10/2012,16.7
10/11/2012,11.8
10/12/2012,9.86
10/13/2012,8.63
10/14/2012,8.77
10/15/2012,10.4
10/16/2012,9.73
10/17/2012,9.13
10/18/2012,10.5
10/19/2012,12.2
10/20/2012,15.5
10/21/2012,15.5
10/22/2012,16.2
10/23/2012,16.8
10/24/2012,16.9
10/25/2012,15.6
10/26/2012,16.3
10/27/2012,99.6
10/28/2012,252
10/29/2012,402
10/30/2012,1220
10/31/2012,2070
11/1/2012,1640
11/2/2012,989
11/3/2012,602
11/4/2012,294
11/5/2012,157
11/6/2012,100
11/7/2012,77
11/8/2012,60.7
11/9/2012,46.1
11/10/2012,50
11/11/2012,63.9
11/12/2012,108
11/13/2012,396
11/14/2012,271
11/15/2012,126
11/16/2012,83.9
11/17/2012,63.2
11/18/2012,50.6
11/19/2012,43.2
11/20/2012,38.7
11/21/2012,35.2
11/22/2012,31.9
11/23/2012,29
11/24/2012,27.7
11/25/2012,25.7
11/26/2012,23.7
11/27/2012,22.1
11/28/2012,20.1
11/29/2012,18.4
11/30/2012,17.4
12/1/2012,16.7
12/2/2012,16.9
12/3/2012,17
12/4/2012,17.7
12/5/2012,27.6
12/6/2012,54.2
12/7/2012,45.8
12/8/2012,93.5
12/9/2012,163
12/10/2012,205
12/11/2012,340
12/12/2012,160
12/13/2012,85.6
12/14/2012,62.3
12/15/2012,52.1
12/16/2012,47.7
12/17/2012,44.8
12/18/2012,41.1
12/19/2012,39.8
12/20/2012,57.2
12/21/2012,499
12/22/2012,494
12/23/2012,214
12/24/2012,124
12/25/2012,91.5
12/26/2012,75.3
12/27/2012,74.5
12/28/2012,63.7
12/29/2012,54
12/30/2012,51.2
12/31/2012,48.4
1/1/2013,45.6
1/2/2013,44.2
1/3/2013,42.8
1/4/2013,41.4
1/5/2013,39
1/6/2013,38
1/7/2013,36.7
1/8/2013,34.8
1/9/2013,64.1
1/10/2013,405
1/11/2013,737
1/12/2013,1100
1/13/2013,1710
1/14/2013,1650
1/15/2013,1000
1/16/2013,453
1/17/2013,220
1/18/2013,134
1/19/2013,94.2
1/20/2013,77.6
1/21/2013,52.6
1/22/2013,45.5
1/23/2013,38.4
1/24/2013,31.8
1/25/2013,26.3
1/26/2013,22.3
1/27/2013,20.9
1/28/2013,21.1
1/29/2013,90.7
1/30/2013,457
1/31/2013,806
2/1/2013,485
2/2/2013,141
2/3/2013,90
2/4/2013,70
2/5/2013,50
2/6/2013,35
2/7/2013,35.4
2/8/2013,40
2/9/2013,45
2/10/2013,55
2/11/2013,133
2/12/2013,334
2/13/2013,190
2/14/2013,115
2/15/2013,84.4
2/16/2013,61.3
2/17/2013,48.7
2/18/2013,42.4
2/19/2013,42.2
2/20/2013,41.5
2/21/2013,40
2/22/2013,38.7
2/23/2013,37.3
2/24/2013,35.4
2/25/2013,44
2/26/2013,184
2/27/2013,1230
2/28/2013,1370
3/1/2013,892
3/2/2013,405
3/3/2013,201
3/4/2013,134
3/5/2013,110
3/6/2013,108
3/7/2013,122
3/8/2013,117
3/9/2013,101
3/10/2013,95.6
3/11/2013,252
3/12/2013,639
3/13/2013,400
3/14/2013,172
3/15/2013,109
3/16/2013,98.7
3/17/2013,92.7
3/18/2013,82.3
3/19/2013,242
3/20/2013,177
3/21/2013,98.7
3/22/2013,72.8
3/23/2013,60
3/24/2013,51.3
3/25/2013,50.9
3/26/2013,58
3/27/2013,162
3/28/2013,175
3/29/2013,115
3/30/2013,89
3/31/2013,72.9
4/1/2013,65.3
4/2/2013,54.7
4/3/2013,45.8
4/4/2013,39
4/5/2013,36.3
4/6/2013,33.9
4/7/2013,31
4/8/2013,29.8
4/9/2013,29.5
4/10/2013,190
4/11/2013,1700
4/12/2013,2920
4/13/2013,2060
4/14/2013,1070
4/15/2013,604
4/16/2013,340
4/17/2013,511
4/18/2013,471
4/19/2013,279
4/20/2013,184
4/21/2013,116
4/22/2013,86.6
4/23/2013,74.1
4/24/2013,386
4/25/2013,836
4/26/2013,485
4/27/2013,203
4/28/2013,165
4/29/2013,278
4/30/2013,282
5/1/2013,154
5/2/2013,102
5/3/2013,76.8
5/4/2013,63
5/5/2013,52.5
5/6/2013,44.4
5/7/2013,39.8
5/8/2013,39.2
5/9/2013,35.4
5/10/2013,32.1
5/11/2013,48.3
5/12/2013,70.2
5/13/2013,47.4
5/14/2013,36.9
5/15/2013,34.3
5/16/2013,29.6
5/17/2013,28.3
5/18/2013,23.3
5/19/2013,21.1
5/20/2013,20
5/21/2013,18.8
5/22/2013,17.8
5/23/2013,18.6
5/24/2013,21.1
5/25/2013,22
5/26/2013,19.2
5/27/2013,17
5/28/2013,17.8
5/29/2013,17.8
5/30/2013,19.2
5/31/2013,17.7
6/1/2013,206
6/2/2013,424
6/3/2013,437
6/4/2013,161
6/5/2013,63.9
6/6/2013,42.8
6/7/2013,36
6/8/2013,30.6
6/9/2013,25.1
6/10/2013,23.8
6/11/2013,23.3
6/12/2013,23.1
6/13/2013,59.5
6/14/2013,371
6/15/2013,171
6/16/2013,72.8
6/17/2013,56
6/18/2013,46.1
6/19/2013,32.9
6/20/2013,25.2
6/21/2013,19.6
6/22/2013,15.8
6/23/2013,13.7
6/24/2013,12.3
6/25/2013,11.5
6/26/2013,12.5
6/27/2013,13.3
6/28/2013,15.3
6/29/2013,32.3
6/30/2013,32.1
7/1/2013,36.5
7/2/2013,36.8
7/3/2013,22.9
7/4/2013,31.3
7/5/2013,51.5
7/6/2013,32
7/7/2013,247
7/8/2013,169
7/9/2013,853
7/10/2013,1930
7/11/2013,2170
7/12/2013,1730
7/13/2013,1130
7/14/2013,698
7/15/2013,365
7/16/2013,172
7/17/2013,103
7/18/2013,70.3
7/19/2013,51
7/20/2013,63.6
7/21/2013,88.9
7/22/2013,82.8
7/23/2013,57.8
7/24/2013,45.3
7/25/2013,34.6
7/26/2013,25.9
7/27/2013,113
7/28/2013,189
7/29/2013,117
7/30/2013,58.6
7/31/2013,35.8
8/1/2013,28.3
8/2/2013,25.5
8/3/2013,121
8/4/2013,191
8/5/2013,82
8/6/2013,46.3
8/7/2013,30.8
8/8/2013,31.8
8/9/2013,28.7
8/10/2013,52.3
8/11/2013,32.5
8/12/2013,23.2
8/13/2013,71.9
8/14/2013,118
8/15/2013,44.3
8/16/2013,25.2
8/17/2013,17.6
8/18/2013,14.7
8/19/2013,12.7
8/20/2013,11.2
8/21/2013,10.1
8/22/2013,9.23
8/23/2013,8.9
8/24/2013,7.92
8/25/2013,8.43
8/26/2013,8.97
8/27/2013,7.46
8/28/2013,7.2
8/29/2013,6.45
8/30/2013,5.2
8/31/2013,5.94
9/1/2013,5.18
9/2/2013,4.8
9/3/2013,7
9/4/2013,6.3
9/5/2013,5.36
9/6/2013,4.7
9/7/2013,4.52
9/8/2013,4.42
9/9/2013,4.25
9/10/2013,4.11
9/11/2013,3.99
9/12/2013,5.09
9/13/2013,6.26
9/14/2013,5.72
9/15/2013,6.89
9/16/2013,7.06
9/17/2013,6.29
9/18/2013,5.65
9/19/2013,5.28
9/20/2013,5.4
9/21/2013,14.5
9/22/2013,21.4
9/23/2013,24.2
9/24/2013,13.8
9/25/2013,9.07
9/26/2013,7.17
9/27/2013,6.12
9/28/2013,5.61
9/29/2013,5.12
9/30/2013,5.05
10/1/2013,4.97
10/2/2013,4.9
10/3/2013,5.34
10/4/2013,6.95
10/5/2013,10.2
10/6/2013,16.2
10/7/2013,360
10/8/2013,532
10/9/2013,197
10/10/2013,66.6
10/11/2013,41.2
10/12/2013,28.6
10/13/2013,21.4
10/14/2013,19.2
10/15/2013,17.6
10/16/2013,16.2
10/17/2013,18.2
10/18/2013,32.2
10/19/2013,29
10/20/2013,28.5
10/21/2013,47.9
10/22/2013,41.3
10/23/2013,40.9
10/24/2013,39.6
10/25/2013,33.7
10/26/2013,27.5
10/27/2013,24.1
10/28/2013,22
10/29/2013,20.8
10/30/2013,19.5
10/31/2013,18.7
11/1/2013,192
11/2/2013,526
11/3/2013,430
11/4/2013,222
11/5/2013,118
11/6/2013,78.1
11/7/2013,81
11/8/2013,149
11/9/2013,109
11/10/2013,76.1
11/11/2013,59.7
11/12/2013,50.6
11/13/2013,44.8
11/14/2013,43
11/15/2013,45.9
11/16/2013,43.2
11/17/2013,64.4
11/18/2013,387
11/19/2013,270
11/20/2013,119
11/21/2013,78.3
11/22/2013,69.9
11/23/2013,70
11/24/2013,59.2
11/25/2013,50.2
11/26/2013,43.2
11/27/2013,41.2
11/28/2013,39.2
11/29/2013,34.1
11/30/2013,28.6
12/1/2013,25.8
12/2/2013,26
12/3/2013,27.3
12/4/2013,26.2
12/5/2013,22.8
12/6/2013,21.9
12/7/2013,20.6
12/8/2013,18.9
12/9/2013,17.7
12/10/2013,15.6
12/11/2013,14.5
12/12/2013,13.3
12/13/2013,12.9
12/14/2013,16.4
12/15/2013,16
12/16/2013,15
12/17/2013,14.9
12/18/2013,14.5
12/19/2013,15
12/20/2013,31.2
12/21/2013,895
12/22/2013,3600
12/23/2013,2830
12/24/2013,1640
12/25/2013,936
12/26/2013,624
12/27/2013,381
12/28/2013,246
12/29/2013,201
12/30/2013,169
12/31/2013,130
1/1/2014,98.6
1/2/2014,64.6
1/3/2014,47
1/4/2014,42.4
1/5/2014,47.7
1/6/2014,75.4
1/7/2014,111
1/8/2014,76.7
1/9/2014,60.5
1/10/2014,80.1
1/11/2014,472
1/12/2014,1090
1/13/2014,983
1/14/2014,621
1/15/2014,399
1/16/2014,208
1/17/2014,105
1/18/2014,71.5
1/19/2014,54.9
1/20/2014,43.1
1/21/2014,31.1
1/22/2014,26.5
1/23/2014,21.6
1/24/2014,18.4
1/25/2014,16.6
1/26/2014,15.3
1/27/2014,13.7
1/28/2014,11.9
1/29/2014,11
1/30/2014,9.91
1/31/2014,9.14
2/1/2014,28.1
2/2/2014,143
2/3/2014,401
2/4/2014,230
2/5/2014,141
2/6/2014,87
2/7/2014,65.5
2/8/2014,50.3
2/9/2014,43.6
2/10/2014,37.1
2/11/2014,29.7
2/12/2014,25.8
2/13/2014,22.8
2/14/2014,20.6
2/15/2014,17.9
2/16/2014,16.2
2/17/2014,15.2
2/18/2014,14.3
2/19/2014,14.3
2/20/2014,40
2/21/2014,831
2/22/2014,1960
2/23/2014,1660
2/24/2014,965
2/25/2014,629
2/26/2014,306
2/27/2014,174
2/28/2014,107
3/1/2014,71.1
3/2/2014,52.5
3/3/2014,41.1
3/4/2014,32.9
3/5/2014,28
3/6/2014,24.3
3/7/2014,31.6
3/8/2014,76.7
3/9/2014,73.1
3/10/2014,152
3/11/2014,604
3/12/2014,788
3/13/2014,611
3/14/2014,468
3/15/2014,881
3/16/2014,713
3/17/2014,279
3/18/2014,180
3/19/2014,141
3/20/2014,228
3/21/2014,232
3/22/2014,178
3/23/2014,149
3/24/2014,112
3/25/2014,91.4
3/26/2014,80.4
3/27/2014,67.8
3/28/2014,69.3
3/29/2014,82.2
3/30/2014,84.2
3/31/2014,94.5
4/1/2014,127
4/2/2014,108
4/3/2014,325
4/4/2014,1270
4/5/2014,1250
4/6/2014,720
4/7/2014,350
4/8/2014,946
4/9/2014,841
4/10/2014,386
4/11/2014,209
4/12/2014,259
4/13/2014,201
4/14/2014,212
4/15/2014,587
4/16/2014,725
4/17/2014,442
4/18/2014,230
4/19/2014,151
4/20/2014,114
4/21/2014,96.4
4/22/2014,91
4/23/2014,83.8
4/24/2014,69.4
4/25/2014,63.7
4/26/2014,63.8
4/27/2014,63.8
4/28/2014,68.9
4/29/2014,355
4/30/2014,795
5/1/2014,741
5/2/2014,387
5/3/2014,189
5/4/2014,122
5/5/2014,88.7
5/6/2014,73.2
5/7/2014,171
5/8/2014,291
5/9/2014,129
5/10/2014,85
5/11/2014,70.3
5/12/2014,63.3
5/13/2014,69.6
5/14/2014,71
5/15/2014,880
5/16/2014,1300
5/17/2014,842
5/18/2014,333
5/19/2014,160
5/20/2014,99.2
5/21/2014,91.2
5/22/2014,136
5/23/2014,111
5/24/2014,71.3
5/25/2014,56.2
5/26/2014,46.7
5/27/2014,44.3
5/28/2014,41.5
5/29/2014,36.9
5/30/2014,33.8
5/31/2014,29.1
6/1/2014,25.1
6/2/2014,24.3
6/3/2014,24.2
6/4/2014,25.5
6/5/2014,59.3
6/6/2014,122
6/7/2014,64.8
6/8/2014,239
6/9/2014,698
6/10/2014,452
6/11/2014,147
6/12/2014,117
6/13/2014,117
6/14/2014,72.1
6/15/2014,50.9
6/16/2014,45
6/17/2014,35.1
6/18/2014,31.4
6/19/2014,391
6/20/2014,849
6/21/2014,1150
6/22/2014,821
6/23/2014,311
6/24/2014,322
6/25/2014,658
6/26/2014,1190
6/27/2014,1020
6/28/2014,534
6/29/2014,218
6/30/2014,114
7/1/2014,79.9
7/2/2014,58.7
7/3/2014,45.5
7/4/2014,38
7/5/2014,29.8
7/6/2014,25.3
7/7/2014,22.4
7/8/2014,56.9
7/9/2014,87.9
7/10/2014,54.3
7/11/2014,31.8
7/12/2014,22.6
7/13/2014,18.7
7/14/2014,17.5
7/15/2014,15
7/16/2014,12
7/17/2014,10.5
7/18/2014,9.44
7/19/2014,11.8
7/20/2014,11.9
7/21/2014,12.8
7/22/2014,10.7
7/23/2014,10.3
7/24/2014,9.98
7/25/2014,9.39
7/26/2014,9.06
7/27/2014,8.37
7/28/2014,7.83
7/29/2014,6.91
7/30/2014,6.57
7/31/2014,6.1
8/1/2014,5.55
8/2/2014,5.95
8/3/2014,7.66
8/4/2014,8.49
8/5/2014,8.31
8/6/2014,6.29
8/7/2014,5.22
8/8/2014,4.7
8/9/2014,4.19
8/10/2014,4.02
8/11/2014,4.52
8/12/2014,5.13
8/13/2014,6.67
8/14/2014,11.7
8/15/2014,8.56
8/16/2014,5.86
8/17/2014,4.81
8/18/2014,4.25
8/19/2014,3.97
8/20/2014,4.16
8/21/2014,4.07
8/22/2014,4.53
8/23/2014,4.09
8/24/2014,3.78
8/25/2014,3.59
8/26/2014,3.26
8/27/2014,2.99
8/28/2014,2.93
8/29/2014,2.92
8/30/2014,2.66
8/31/2014,2.6
9/1/2014,2.5
9/2/2014,2.4
9/3/2014,2.2
9/4/2014,2.08
9/5/2014,1.88
9/6/2014,1.83
9/7/2014,1.75
9/8/2014,1.73
9/9/2014,1.94
9/10/2014,2.51
9/11/2014,6.56
9/12/2014,15.3
9/13/2014,9.4
9/14/2014,6.7
9/15/2014,5.1
9/16/2014,4.2
9/17/2014,3.8
9/18/2014,3.62
9/19/2014,3.43
9/20/2014,3.16
9/21/2014,3.49
9/22/2014,3.51
9/23/2014,2.76
9/24/2014,2.42
9/25/2014,2.4
9/26/2014,2.63
9/27/2014,3.06
9/28/2014,3.22
9/29/2014,3.83
9/30/2014,8.65
10/1/2014,3.5
10/2/2014,4.1
10/3/2014,5.05
10/4/2014,4.38
10/5/2014,3.61
10/6/2014,5.01
10/7/2014,5.32
10/8/2014,4.16
10/9/2014,3.48
10/10/2014,3.06
10/11/2014,3.25
10/12/2014,3.04
10/13/2014,3.25
10/14/2014,3.83
10/15/2014,4.42
10/16/2014,5.13
10/17/2014,5.48
10/18/2014,4.48
10/19/2014,4.22
10/20/2014,4.32
10/21/2014,4.16
10/22/2014,4.01
10/23/2014,3.95
10/24/2014,3.86
10/25/2014,3.89
10/26/2014,3.77
10/27/2014,3.98
10/28/2014,4.58
10/29/2014,4.01
10/30/2014,4.13
10/31/2014,5.44
11/1/2014,7.73
11/2/2014,6.96
11/3/2014,5.2
11/4/2014,4.45
11/5/2014,4.1
11/6/2014,4.95
11/7/2014,4.19
11/8/2014,3.13
11/9/2014,2.57
11/10/2014,3.85
11/11/2014,5.15
11/12/2014,4.63
11/13/2014,3.94
11/14/2014,3.6
11/15/2014,3.26
11/16/2014,3.21
11/17/2014,4.11
11/18/2014,3.33
11/19/2014,3.13
11/20/2014,3.12
11/21/2014,2.92
11/22/2014,2.51
11/23/2014,2.13
11/24/2014,12.4
11/25/2014,51.4
11/26/2014,26.7
11/27/2014,13.5
11/28/2014,8.87
11/29/2014,6.07
11/30/2014,4.75
12/1/2014,4.5
12/2/2014,3.96
12/3/2014,4.73
12/4/2014,4.94
12/5/2014,4.94
12/6/2014,52.4
12/7/2014,97.6
12/8/2014,48.8
12/9/2014,27.1
12/10/2014,18.2
12/11/2014,13.5
12/12/2014,10.3
12/13/2014,9
12/14/2014,7.88
12/15/2014,7.08
12/16/2014,7.48
12/17/2014,11.2
12/18/2014,15.2
12/19/2014,13.8
12/20/2014,11.4
12/21/2014,9.64
12/22/2014,8.38
12/23/2014,7.66
12/24/2014,7.59
12/25/2014,28.1
12/26/2014,39.9
12/27/2014,25.7
12/28/2014,27.7
12/29/2014,37.4
12/30/2014,27.1
12/31/2014,14
1/1/2015,11.7
1/2/2015,8.55
1/3/2015,24.3
1/4/2015,683
1/5/2015,839
1/6/2015,424
1/7/2015,89.6
1/8/2015,60.2
1/9/2015,46.5
1/10/2015,36.5
1/11/2015,32.3
1/12/2015,27.7
1/13/2015,25.4
1/14/2015,23.7
1/15/2015,21.3
1/16/2015,20.6
1/17/2015,19.9
1/18/2015,27.9
1/19/2015,47.9
1/20/2015,78.9
1/21/2015,106
1/22/2015,62
1/23/2015,39.6
1/24/2015,29.5
1/25/2015,22
1/26/2015,17.6
1/27/2015,14.5
1/28/2015,12.9
1/29/2015,11.6
1/30/2015,10.6
1/31/2015,10.3
2/1/2015,9.59
2/2/2015,9.26
2/3/2015,13.1
2/4/2015,10.3
2/5/2015,8.95
2/6/2015,8.35
2/7/2015,8.2
2/8/2015,17.6
2/9/2015,91.8
2/10/2015,322
2/11/2015,147
2/12/2015,81.1
2/13/2015,46.9
2/14/2015,28.2
2/15/2015,18.8
2/16/2015,12.8
2/17/2015,9.21
2/18/2015,7.32
2/19/2015,6.13
2/20/2015,5.13
2/21/2015,4.52
2/22/2015,8.53
2/23/2015,6.12
2/24/2015,5.13
2/25/2015,4.75
2/26/2015,4.4
2/27/2015,4.18
2/28/2015,4.08
3/1/2015,4.23
3/2/2015,4.45
3/3/2015,5.24
3/4/2015,6.1
3/5/2015,4.98
3/6/2015,4.42
3/7/2015,4.2
3/8/2015,5.15
3/9/2015,10.2
3/10/2015,75.9
3/11/2015,331
3/12/2015,711
3/13/2015,1510
3/14/2015,2160
3/15/2015,2170
3/16/2015,1320
3/17/2015,815
3/18/2015,467
3/19/2015,252
3/20/2015,169
3/21/2015,122
3/22/2015,97.2
3/23/2015,78.2
3/24/2015,66.6
3/25/2015,62.9
3/26/2015,258
3/27/2015,581
3/28/2015,332
3/29/2015,163
3/30/2015,122
3/31/2015,105
4/1/2015,88.8
4/2/2015,75.6
4/3/2015,103
4/4/2015,429
4/5/2015,410
4/6/2015,185
4/7/2015,236
4/8/2015,625
4/9/2015,1070
4/10/2015,1610
4/11/2015,1090
4/12/2015,468
4/13/2015,208
4/14/2015,146
4/15/2015,114
4/16/2015,87
4/17/2015,75.9
4/18/2015,65.2
4/19/2015,60.4
4/20/2015,62.2
4/21/2015,78.8
4/22/2015,83.1
4/23/2015,64.8
4/24/2015,51.7
4/25/2015,43.6
4/26/2015,38.9
4/27/2015,35.5
4/28/2015,32.2
4/29/2015,28.9
4/30/2015,28.9
5/1/2015,28.7
5/2/2015,26.1
5/3/2015,23.6
5/4/2015,21.9
5/5/2015,21.6
5/6/2015,20.1
5/7/2015,20.4
5/8/2015,22.7
5/9/2015,22.5
5/10/2015,21.8
5/11/2015,17
5/12/2015,17.7
5/13/2015,15.9
5/14/2015,14.2
5/15/2015,13.9
5/16/2015,13.9
5/17/2015,13.7
5/18/2015,14.1
5/19/2015,14.7
5/20/2015,14.9
5/21/2015,14.5
5/22/2015,12.9
5/23/2015,11.8
5/24/2015,10.5
5/25/2015,8.77
5/26/2015,9.02
5/27/2015,12.6
5/28/2015,16.2
5/29/2015,9.86
5/30/2015,21.8
5/31/2015,288
6/1/2015,959
6/2/2015,1010
6/3/2015,589
6/4/2015,242
6/5/2015,109
6/6/2015,70.8
6/7/2015,60.6
6/8/2015,45.9
6/9/2015,42.7
6/10/2015,37.3
6/11/2015,30.4
6/12/2015,24.3
6/13/2015,26.5
6/14/2015,77.4
6/15/2015,363
6/16/2015,1160
6/17/2015,1660
6/18/2015,1240
6/19/2015,708
6/20/2015,335
6/21/2015,159
6/22/2015,97.7
6/23/2015,66.5
6/24/2015,51.6
6/25/2015,40.2
6/26/2015,35.1
6/27/2015,352
6/28/2015,941
6/29/2015,785
6/30/2015,427
7/1/2015,333
7/2/2015,246
7/3/2015,121
7/4/2015,75.9
7/5/2015,54.1
7/6/2015,40.4
7/7/2015,35.9
7/8/2015,39
7/9/2015,199
7/10/2015,526
7/11/2015,247
7/12/2015,397
7/13/2015,1700
7/14/2015,1500
7/15/2015,1250
7/16/2015,815
7/17/2015,393
7/18/2015,239
7/19/2015,174
7/20/2015,130
7/21/2015,91.9
7/22/2015,66.3
7/23/2015,49
7/24/2015,36.8
7/25/2015,28.9
7/26/2015,23.7
7/27/2015,21.2
7/28/2015,17.9
7/29/2015,16.8
7/30/2015,17.8
7/31/2015,14.1
8/1/2015,11.5
8/2/2015,9.94
8/3/2015,20.1
8/4/2015,26.2
8/5/2015,27.7
8/6/2015,18.2
8/7/2015,12.7
8/8/2015,9.81
8/9/2015,8.34
8/10/2015,9.68
8/11/2015,10.9
8/12/2015,9.74
8/13/2015,11.6
8/14/2015,9.06
8/15/2015,39.2
8/16/2015,20.1
8/17/2015,69
8/18/2015,252
8/19/2015,52.1
8/20/2015,21.1
8/21/2015,13.1
8/22/2015,9.6
8/23/2015,8.35
8/24/2015,12.3
8/25/2015,11.7
8/26/2015,13.7
8/27/2015,9.26
8/28/2015,7.37
8/29/2015,6.38
8/30/2015,9.85
8/31/2015,21.1
9/1/2015,11.5
9/2/2015,9.44
9/3/2015,7.71
9/4/2015,9.5
9/5/2015,7.35
9/6/2015,7.17
9/7/2015,6.61
9/8/2015,5.19
9/9/2015,4.51
9/10/2015,4.05
9/11/2015,4.34
9/12/2015,7.53
9/13/2015,11.2
9/14/2015,14
9/15/2015,8.79
9/16/2015,6.24
9/17/2015,4.95
9/18/2015,3.91
9/19/2015,3.68
9/20/2015,3.81
9/21/2015,3.53
9/22/2015,3.29
9/23/2015,3.13
9/24/2015,2.91
9/25/2015,2.76
9/26/2015,2.84
9/27/2015,2.6
9/28/2015,2.51
9/29/2015,2.67
9/30/2015,2.89
10/1/2015,2.79
10/2/2015,3.19
10/3/2015,3.83
10/4/2015,4.22
10/5/2015,3.89
10/6/2015,3.37
10/7/2015,3.04
10/8/2015,2.88
10/9/2015,3.06
10/10/2015,2.86
10/11/2015,2.65
10/12/2015,2.52
10/13/2015,2.43
10/14/2015,2.38
10/15/2015,2.7
10/16/2015,2.54
10/17/2015,2.38
10/18/2015,2.29
10/19/2015,2.18
10/20/2015,2.06
10/21/2015,1.99
10/22/2015,1.95
10/23/2015,2.39
10/24/2015,3.99
10/25/2015,3.28
10/26/2015,4.35
10/27/2015,4.54
10/28/2015,31.4
10/29/2015,207
10/30/2015,109
10/31/2015,50.8
11/1/2015,28.2
11/2/2015,19.5
11/3/2015,15.1
11/4/2015,11.8
11/5/2015,10.7
11/6/2015,10.2
11/7/2015,11
11/8/2015,15.3
11/9/2015,13.7
11/10/2015,14.2
11/11/2015,40.5
11/12/2015,62.3
11/13/2015,55.6
11/14/2015,43.4
11/15/2015,30.4
11/16/2015,22.7
11/17/2015,18.2
11/18/2015,15.6
11/19/2015,18.6
11/20/2015,18.3
11/21/2015,15.5
11/22/2015,15
11/23/2015,13.5
11/24/2015,12.1
11/25/2015,11.1
11/26/2015,10.1
11/27/2015,10.2
11/28/2015,46.5
11/29/2015,145
11/30/2015,109
12/1/2015,69.2
12/2/2015,51.1
12/3/2015,39.3
12/4/2015,31.4
12/5/2015,25.8
12/6/2015,22
12/7/2015,20.2
12/8/2015,19.4
12/9/2015,18.4
12/10/2015,17.3
12/11/2015,16.3
12/12/2015,15.2
12/13/2015,14
12/14/2015,13.3
12/15/2015,13.5
12/16/2015,13.9
12/17/2015,13.5
12/18/2015,12.7
12/19/2015,11.7
12/20/2015,10.6
12/21/2015,10.4
12/22/2015,10.5
12/23/2015,11.3
12/24/2015,51.2
12/25/2015,134
12/26/2015,86.5
12/27/2015,798
12/28/2015,1830
12/29/2015,2110
12/30/2015,1460
12/31/2015,795
1/1/2016,413
1/2/2016,213
1/3/2016,138
1/4/2016,95.9
1/5/2016,64.4
1/6/2016,45.1
1/7/2016,37.1
1/8/2016,33.3
1/9/2016,35.2
1/10/2016,268
1/11/2016,727
1/12/2016,440
1/13/2016,113
1/14/2016,86.2
1/15/2016,74.7
1/16/2016,443
1/17/2016,551
1/18/2016,193
1/19/2016,113
1/20/2016,88.3
1/21/2016,72.6
1/22/2016,56.6
1/23/2016,44.1
1/24/2016,36.2
1/25/2016,31.4
1/26/2016,36.9
1/27/2016,30.5
1/28/2016,24.6
1/29/2016,22.4
1/30/2016,21.3
1/31/2016,21.3
2/1/2016,20.7
2/2/2016,27.7
2/3/2016,171
2/4/2016,400
2/5/2016,176
2/6/2016,98.8
2/7/2016,75.3
2/8/2016,68.5
2/9/2016,64.8
2/10/2016,57.5
2/11/2016,37.8
2/12/2016,30.5
2/13/2016,22.2
2/14/2016,21.8
2/15/2016,20.6
2/16/2016,19.9
2/17/2016,19.9
2/18/2016,18.9
2/19/2016,17.9
2/20/2016,25.6
2/21/2016,30.5
2/22/2016,31.6
2/23/2016,25.1
2/24/2016,315
2/25/2016,1380
2/26/2016,1150
2/27/2016,636
2/28/2016,469
2/29/2016,317
3/1/2016,210
3/2/2016,481
3/3/2016,366
3/4/2016,183
3/5/2016,154
3/6/2016,220
3/7/2016,257
3/8/2016,197
3/9/2016,140
3/10/2016,418
3/11/2016,1140
3/12/2016,960
3/13/2016,516
3/14/2016,638
3/15/2016,1520
3/16/2016,1760
3/17/2016,960
3/18/2016,494
3/19/2016,260
3/20/2016,162
3/21/2016,119
3/22/2016,92.4
3/23/2016,78.9
3/24/2016,75.7
3/25/2016,269
3/26/2016,242
3/27/2016,138
3/28/2016,115
3/29/2016,134
3/30/2016,107
3/31/2016,163
4/1/2016,341
4/2/2016,257
4/3/2016,163
4/4/2016,119
4/5/2016,94.1
4/6/2016,74.2
4/7/2016,573
4/8/2016,1060
4/9/2016,870
4/10/2016,625
4/11/2016,881
4/12/2016,1160
4/13/2016,836
4/14/2016,375
4/15/2016,200
4/16/2016,133
4/17/2016,101
4/18/2016,84.7
4/19/2016,76.8
4/20/2016,64.3
4/21/2016,60.6
4/22/2016,56.6
4/23/2016,52.5
4/24/2016,47.9
4/25/2016,41.4
4/26/2016,65.2
4/27/2016,94.8
4/28/2016,117
4/29/2016,339
4/30/2016,243
5/1/2016,594
5/2/2016,1110
5/3/2016,1040
5/4/2016,612
5/5/2016,297
5/6/2016,239
5/7/2016,160
5/8/2016,154
5/9/2016,140
5/10/2016,98.1
5/11/2016,82.4
5/12/2016,87
5/13/2016,472
5/14/2016,585
5/15/2016,367
5/16/2016,193
5/17/2016,114
5/18/2016,86.3
5/19/2016,70.6
5/20/2016,58.8
5/21/2016,51.6
5/22/2016,45.9
5/23/2016,40.4
5/24/2016,37
5/25/2016,35.3
5/26/2016,28.6
5/27/2016,25.8
5/28/2016,24.5
5/29/2016,24.3
5/30/2016,22.9
5/31/2016,22.4
6/1/2016,22.8
6/2/2016,19.2
6/3/2016,16.4
6/4/2016,15.2
6/5/2016,17.5
6/6/2016,19.6
6/7/2016,20.3
6/8/2016,17.7
6/9/2016,14.9
6/10/2016,11.7
6/11/2016,10.5
6/12/2016,10.4
6/13/2016,8.5
6/14/2016,7.84
6/15/2016,7.69
6/16/2016,7.42
6/17/2016,7.32
6/18/2016,6.86
6/19/2016,6.93
6/20/2016,6.14
6/21/2016,5.1
6/22/2016,4.22
6/23/2016,9.43
6/24/2016,12.8
6/25/2016,18.8
6/26/2016,21.3
6/27/2016,62.1
6/28/2016,22.3
6/29/2016,13.3
6/30/2016,10.2
7/1/2016,9
7/2/2016,7.05
7/3/2016,6.28
7/4/2016,5.8
7/5/2016,5.41
7/6/2016,4.84
7/7/2016,4.6
7/8/2016,4.37
7/9/2016,3.9
7/10/2016,3.88
7/11/2016,3.43
7/12/2016,3.09
7/13/2016,2.89
7/14/2016,2.82
7/15/2016,2.46
7/16/2016,2.39
7/17/2016,2.36
7/18/2016,2.38
7/19/2016,2.18
7/20/2016,1.97
7/21/2016,1.87
7/22/2016,2.23
7/23/2016,2.47
7/24/2016,2.41
7/25/2016,2.31
7/26/2016,2.08
7/27/2016,1.76
7/28/2016,1.65
7/29/2016,1.74
7/30/2016,2.95
7/31/2016,2.11
8/1/2016,1.71
8/2/2016,5.52
8/3/2016,4.52
8/4/2016,3.05
8/5/2016,2.31
8/6/2016,1.95
8/7/2016,1.67
8/8/2016,1.61
8/9/2016,1.85
8/10/2016,2.39
8/11/2016,2.67
8/12/2016,2.96
8/13/2016,4.3
8/14/2016,49
8/15/2016,74.7
8/16/2016,41.7
8/17/2016,20.7
8/18/2016,12.5
8/19/2016,10.1
8/20/2016,7.24
8/21/2016,5.54
8/22/2016,4.4
8/23/2016,3.71
8/24/2016,2.9
8/25/2016,3.06
8/26/2016,2.29
8/27/2016,5.87
8/28/2016,6.23
8/29/2016,4.43
8/30/2016,4.16
8/31/2016,3.19
9/1/2016,2.55
9/2/2016,1.96
9/3/2016,1.78
9/4/2016,1.61
9/5/2016,1.43
9/6/2016,1.5
9/7/2016,1.86
9/8/2016,2.1
9/9/2016,2.43
9/10/2016,2.53
9/11/2016,2.51
9/12/2016,5.64
9/13/2016,12.8
9/14/2016,6.64
9/15/2016,3.99
9/16/2016,2.54
9/17/2016,4.16
9/18/2016,3.86
9/19/2016,2.36
9/20/2016,1.78
9/21/2016,2.85
9/22/2016,2.93
9/23/2016,2.26
9/24/2016,2.01
9/25/2016,1.86
9/26/2016,2.14
9/27/2016,2.22
9/28/2016,3.49
9/29/2016,4.31
9/30/2016,35.2
10/1/2016,64.1
10/2/2016,35.2
10/3/2016,26
10/4/2016,28.6
10/5/2016,17.4
10/6/2016,10.3
10/7/2016,6.47
10/8/2016,4.48
10/9/2016,3.645
10/10/2016,2.81
10/11/2016,2.36
10/12/2016,2.09
10/13/2016,3.78
10/14/2016,4.02
10/15/2016,3.65
10/16/2016,3.53
10/17/2016,4.17
10/18/2016,3.88
10/19/2016,4.38
10/20/2016,8.96
10/21/2016,41.5
10/22/2016,253
10/23/2016,161
10/24/2016,57.2
10/25/2016,27.5
10/26/2016,18.1
10/27/2016,13.4
10/28/2016,9.59
10/29/2016,7.75
10/30/2016,7.42
10/31/2016,6.92
11/1/2016,6.2
11/2/2016,6.03
11/3/2016,6.72
11/4/2016,6.17
11/5/2016,5.77
11/6/2016,5.35
11/7/2016,5.37
11/8/2016,4.91
11/9/2016,4.89
11/10/2016,4.1
11/11/2016,4.08
11/12/2016,4
11/13/2016,4.34
11/14/2016,4.43
11/15/2016,4.36
11/16/2016,4.16
11/17/2016,3.93
11/18/2016,3.9
11/19/2016,3.71
11/20/2016,3.75
11/21/2016,3.56
11/22/2016,3.39
11/23/2016,3.19
11/24/2016,3.64
11/25/2016,3.3
11/26/2016,2.78
11/27/2016,2.6
11/28/2016,2.61
11/29/2016,3.28
11/30/2016,4.35
12/1/2016,4.4
12/2/2016,6.35
12/3/2016,9.43
12/4/2016,9.51
12/5/2016,8.72
12/6/2016,8.92
12/7/2016,14.9
12/8/2016,67.4
12/9/2016,49.2
12/10/2016,29.1
12/11/2016,18.7
12/12/2016,13
12/13/2016,9.45
12/14/2016,7.02
12/15/2016,5.39
12/16/2016,4.45
12/17/2016,4.47
12/18/2016,5.04
12/19/2016,5.34
12/20/2016,5.15
12/21/2016,4.8
12/22/2016,4.6
12/23/2016,4.67
12/24/2016,7.17
12/25/2016,23.5
12/26/2016,79.2
12/27/2016,413
12/28/2016,475
12/29/2016,230
12/30/2016,112
12/31/2016,72.1
1/1/2017,50.6
1/2/2017,38.2
1/3/2017,64.7
1/4/2017,532
1/5/2017,525
1/6/2017,192
1/7/2017,57.4
1/8/2017,35.1
1/9/2017,31.2
1/10/2017,53.5
1/11/2017,155
1/12/2017,953
1/13/2017,1670
1/14/2017,1350
1/15/2017,658
1/16/2017,294
1/17/2017,507
1/18/2017,849
1/19/2017,608
1/20/2017,567
1/21/2017,794
1/22/2017,579
1/23/2017,703
1/24/2017,1330
1/25/2017,1210
1/26/2017,676
1/27/2017,357
1/28/2017,221
1/29/2017,143
1/30/2017,99.2
1/31/2017,75.5
2/1/2017,78.5
2/2/2017,74.9
2/3/2017,69.5
2/4/2017,63.1
2/5/2017,57.3
2/6/2017,53.6
2/7/2017,1080
2/8/2017,1490
2/9/2017,957
2/10/2017,395
2/11/2017,206
2/12/2017,258
2/13/2017,354
2/14/2017,220
2/15/2017,144
2/16/2017,103
2/17/2017,77.7
2/18/2017,64.7
2/19/2017,56
2/20/2017,47.3
2/21/2017,45.1
2/22/2017,42.2
2/23/2017,40.9
2/24/2017,36.8
2/25/2017,239
2/26/2017,269
2/27/2017,134
2/28/2017,81.6
3/1/2017,123
3/2/2017,245
3/3/2017,152
3/4/2017,94.8
3/5/2017,69.4
3/6/2017,57.8
3/7/2017,69.9
3/8/2017,291
3/9/2017,248
3/10/2017,133
3/11/2017,88.6
3/12/2017,64.4
3/13/2017,50.5
3/14/2017,43.7
3/15/2017,36
3/16/2017,31.3
3/17/2017,31.6
3/18/2017,33.4
3/19/2017,53.8
3/20/2017,79.1
3/21/2017,85.6
3/22/2017,76.1
3/23/2017,59.3
3/24/2017,46.9
3/25/2017,47.5
3/26/2017,44.4
3/27/2017,47.7
3/28/2017,59.8
3/29/2017,88.9
3/30/2017,104
3/31/2017,90.9
4/1/2017,130
4/2/2017,124
4/3/2017,89.1
4/4/2017,106
4/5/2017,135
4/6/2017,450
4/7/2017,997
4/8/2017,1280
4/9/2017,807
4/10/2017,320
4/11/2017,177
4/12/2017,113
4/13/2017,82.5
4/14/2017,65.1
4/15/2017,51.3
4/16/2017,43.8
4/17/2017,38.7
4/18/2017,32.8
4/19/2017,32.2
4/20/2017,118
4/21/2017,358
4/22/2017,253
4/23/2017,115
4/24/2017,68.3
4/25/2017,50.9
4/26/2017,41.5
4/27/2017,37.3
4/28/2017,33.6
4/29/2017,42.6
4/30/2017,393
5/1/2017,571
5/2/2017,486
5/3/2017,249
5/4/2017,277
5/5/2017,1460
5/6/2017,2280
5/7/2017,1350
5/8/2017,673
5/9/2017,309
5/10/2017,174
5/11/2017,1140
5/12/2017,1420
5/13/2017,870
5/14/2017,391
5/15/2017,196
5/16/2017,124
5/17/2017,85.9
5/18/2017,67.6
5/19/2017,61.8
5/20/2017,57.4
5/21/2017,74.3
5/22/2017,170
5/23/2017,435
5/24/2017,218
5/25/2017,114
5/26/2017,89.4
5/27/2017,102
5/28/2017,184
5/29/2017,1120
5/30/2017,996
5/31/2017,543
6/1/2017,198
6/2/2017,107
6/3/2017,76.2
6/4/2017,62.3
6/5/2017,63.8
6/6/2017,95.5
6/7/2017,70.3
6/8/2017,50.2
6/9/2017,40.9
6/10/2017,33.7
6/11/2017,27.7
6/12/2017,24.1
6/13/2017,21.8
6/14/2017,86.8
6/15/2017,76.5
6/16/2017,50.4
6/17/2017,36.4
6/18/2017,28.4
6/19/2017,24.9
6/20/2017,25.4
6/21/2017,23.2
6/22/2017,19.8
6/23/2017,18.5
6/24/2017,18.4
6/25/2017,17.4
6/26/2017,17.9
6/27/2017,17.2
6/28/2017,17
6/29/2017,16.5
6/30/2017,31
7/1/2017,170
7/2/2017,253
7/3/2017,120
7/4/2017,83.8
7/5/2017,49.8
7/6/2017,39.8
7/7/2017,41.9
7/8/2017,40.6
7/9/2017,51.5
7/10/2017,255
7/11/2017,792
7/12/2017,1240
7/13/2017,2640
7/14/2017,2320
7/15/2017,1320
7/16/2017,654
7/17/2017,266
7/18/2017,131
7/19/2017,89.2
7/20/2017,62.5
7/21/2017,45.1
7/22/2017,36.3
7/23/2017,35.4
7/24/2017,58
7/25/2017,48
7/26/2017,35.2
7/27/2017,27.7
7/28/2017,30.9
7/29/2017,29.9
7/30/2017,25.1
7/31/2017,20.4
8/1/2017,18.1
8/2/2017,17.7
8/3/2017,16.3
8/4/2017,27.8
8/5/2017,14.3
8/6/2017,11.6
8/7/2017,11.7
8/8/2017,9.85
8/9/2017,9.03
8/10/2017,8.02
8/11/2017,7.51
8/12/2017,7.27
8/13/2017,6.79
8/14/2017,6.34
8/15/2017,6.09
8/16/2017,5.75
8/17/2017,6.33
8/18/2017,6.13
8/19/2017,5.56
8/20/2017,5.57
8/21/2017,5.89
8/22/2017,5.63
8/23/2017,5.58
8/24/2017,4.76
8/25/2017,4.59
8/26/2017,4.13
8/27/2017,3.9
8/28/2017,3.96
8/29/2017,4.37
8/30/2017,4.38
8/31/2017,4.5
9/1/2017,4.6
9/2/2017,4.68
9/3/2017,4.54
9/4/2017,4.53
9/5/2017,11.4
9/6/2017,44.8
9/7/2017,38.5
9/8/2017,23.8
9/9/2017,16.2
9/10/2017,12
9/11/2017,10
9/12/2017,7.98
9/13/2017,6.49
9/14/2017,6.03
9/15/2017,4.91
9/16/2017,4.53
9/17/2017,4.51
9/18/2017,4.45
9/19/2017,4.41
9/20/2017,4.38
9/21/2017,4.31
9/22/2017,4.36
9/23/2017,3.91
9/24/2017,4.05
9/25/2017,4.05
9/26/2017,4.06
9/27/2017,4.1
9/28/2017,3.92
9/29/2017,3.78
9/30/2017,3.61
10/1/2017,3.65
10/2/2017,3.55
10/3/2017,3.48
10/4/2017,3.45
10/5/2017,3.43
10/6/2017,3.57
10/7/2017,4.14
10/8/2017,4.74
10/9/2017,11.8
10/10/2017,72
10/11/2017,53.6
10/12/2017,28.2
10/13/2017,20.9
10/14/2017,16.6
10/15/2017,12.3
10/16/2017,8.21
10/17/2017,6.17
10/18/2017,5.12
10/19/2017,4.09
10/20/2017,3.29
10/21/2017,2.96
10/22/2017,2.49
10/23/2017,2.46
10/24/2017,4.4
10/25/2017,3.98
10/26/2017,6.89
10/27/2017,10.1
10/28/2017,11.8
10/29/2017,12.8
10/30/2017,19.4
10/31/2017,20.2
11/1/2017,15.8
11/2/2017,42.2
11/3/2017,213
11/4/2017,136
11/5/2017,146
11/6/2017,683
11/7/2017,727
11/8/2017,502
11/9/2017,177
11/10/2017,84.4
11/11/2017,55.9
11/12/2017,40.6
11/13/2017,32
11/14/2017,26.5
11/15/2017,23.6
11/16/2017,22.2
11/17/2017,20.6
11/18/2017,844
11/19/2017,2460
11/20/2017,1970
11/21/2017,1110
11/22/2017,623
11/23/2017,330
11/24/2017,196
11/25/2017,143
11/26/2017,109
11/27/2017,82
11/28/2017,79.5
11/29/2017,61.7
11/30/2017,56
12/1/2017,47.3
12/2/2017,40.4
12/3/2017,33.3
12/4/2017,30.3
12/5/2017,27.8
12/6/2017,25.2
12/7/2017,23
12/8/2017,21.1
12/9/2017,20.5
12/10/2017,19.2
12/11/2017,17.8
12/12/2017,17
12/13/2017,15.9
12/14/2017,16.7
12/15/2017,17.7
12/16/2017,16
12/17/2017,14.8
12/18/2017,14.5
12/19/2017,15.2
12/20/2017,20.6
12/21/2017,26.4
12/22/2017,24.2
12/23/2017,27.8
12/24/2017,106
12/25/2017,106
12/26/2017,63.8
12/27/2017,46.8
12/28/2017,38.8
12/29/2017,34.1
12/30/2017,31.7
12/31/2017,30.6
1/1/2018,29.9
1/2/2018,29.6
1/3/2018,29.3
1/4/2018,29
1/5/2018,28.7
1/6/2018,24.8
1/7/2018,25.9
1/8/2018,26.8
1/9/2018,25.4
1/10/2018,34.7
1/11/2018,454
1/12/2018,1590
1/13/2018,1730
1/14/2018,917
1/15/2018,407
1/16/2018,146
1/17/2018,89.3
1/18/2018,75
1/19/2018,63.6
1/20/2018,57.1
1/21/2018,63.8
1/22/2018,526
1/23/2018,1270
1/24/2018,1020
1/25/2018,472
1/26/2018,222
1/27/2018,192
1/28/2018,367
1/29/2018,257
1/30/2018,162
1/31/2018,109
2/1/2018,89
2/2/2018,75.3
2/3/2018,64.9
2/4/2018,57.6
2/5/2018,51.4
2/6/2018,46.1
2/7/2018,42.6
2/8/2018,39.6
2/9/2018,38.1
2/10/2018,36.2
2/11/2018,35.8
2/12/2018,34.2
2/13/2018,32.2
2/14/2018,28.4
2/15/2018,269
2/16/2018,1240
2/17/2018,1900
2/18/2018,1360
2/19/2018,1150
2/20/2018,1540
2/21/2018,1200
2/22/2018,1100
2/23/2018,1070
2/24/2018,831
2/25/2018,1320
2/26/2018,1170
2/27/2018,588
2/28/2018,298
3/1/2018,511
3/2/2018,1350
3/3/2018,1380
3/4/2018,777
3/5/2018,393
3/6/2018,246
3/7/2018,188
3/8/2018,147
3/9/2018,110
3/10/2018,92.1
3/11/2018,79.8
3/12/2018,72.2
3/13/2018,65.6
3/14/2018,64.6
3/15/2018,61.5
3/16/2018,55.4
3/17/2018,52.3
3/18/2018,48.4
3/19/2018,44.9
3/20/2018,43.4
3/21/2018,49.8
3/22/2018,48.7
3/23/2018,45.4
3/24/2018,52.6
3/25/2018,57.9
3/26/2018,54.6
3/27/2018,58.7
3/28/2018,106
3/29/2018,287
3/30/2018,1010
3/31/2018,935
4/1/2018,398
4/2/2018,191
4/3/2018,472
4/4/2018,1420
4/5/2018,1280
4/6/2018,630
4/7/2018,296
4/8/2018,180
4/9/2018,138
4/10/2018,107
4/11/2018,88.6
4/12/2018,76.4
4/13/2018,71.6
4/14/2018,64.9
4/15/2018,526
4/16/2018,1110
4/17/2018,851
4/18/2018,332
4/19/2018,180
4/20/2018,131
4/21/2018,95.9
4/22/2018,82.1
4/23/2018,74.7
4/24/2018,93.8
4/25/2018,129
4/26/2018,151
4/27/2018,103
4/28/2018,84.1
4/29/2018,70.9
4/30/2018,60.9
5/1/2018,57.9
5/2/2018,49
5/3/2018,83.3
5/4/2018,110
5/5/2018,88.7
5/6/2018,62.7
5/7/2018,54.2
5/8/2018,46.9
5/9/2018,35.4
5/10/2018,46.5
5/11/2018,51.7
5/12/2018,44
5/13/2018,37.7
5/14/2018,46.1
5/15/2018,58.5
5/16/2018,52.7
5/17/2018,38.4
5/18/2018,35.8
5/19/2018,33.3
5/20/2018,96.2
5/21/2018,51.2
5/22/2018,113
5/23/2018,472
5/24/2018,396
5/25/2018,120
5/26/2018,111
5/27/2018,133
5/28/2018,72.2
5/29/2018,50.5
5/30/2018,40.3
5/31/2018,53.9
6/1/2018,114
6/2/2018,67
6/3/2018,38.4
6/4/2018,29.5
6/5/2018,26.3
6/6/2018,24.2
6/7/2018,21.3
6/8/2018,20
6/9/2018,57.7
6/10/2018,1200
6/11/2018,1820
6/12/2018,1740
6/13/2018,1050
6/14/2018,543
6/15/2018,195
6/16/2018,95.1
6/17/2018,65.6
6/18/2018,47.9
6/19/2018,42.5
6/20/2018,35.5
6/21/2018,30.8
6/22/2018,39.8
6/23/2018,59.4
6/24/2018,39.1
6/25/2018,26.1
6/26/2018,21.7
6/27/2018,27.6
6/28/2018,30
6/29/2018,26.9
6/30/2018,20.4
7/1/2018,15.2
7/2/2018,12.7
7/3/2018,17.4
7/4/2018,32.8
7/5/2018,72.3
7/6/2018,105
7/7/2018,29.9
7/8/2018,16.3
7/9/2018,12.4
7/10/2018,10.3
7/11/2018,8.95
7/12/2018,8.07
7/13/2018,10.8
7/14/2018,8.39
7/15/2018,7.13
7/16/2018,6.56
7/17/2018,5.97
7/18/2018,5.69
7/19/2018,5.31
7/20/2018,5.57
7/21/2018,6.23
7/22/2018,6.02
7/23/2018,5.91
7/24/2018,6.13
7/25/2018,8.98
7/26/2018,8.91
7/27/2018,7.92
7/28/2018,6.42
7/29/2018,5.77
7/30/2018,4.98
7/31/2018,4.74
8/1/2018,4.56
8/2/2018,4.19
8/3/2018,3.88
8/4/2018,3.67
8/5/2018,3.81
8/6/2018,3.69
8/7/2018,5.36
8/8/2018,4.37
8/9/2018,5.28
8/10/2018,4.5
8/11/2018,10.3
8/12/2018,13.2
8/13/2018,7.04
8/14/2018,4.93
8/15/2018,3.85
8/16/2018,4.51
8/17/2018,5.61
8/18/2018,5.39
8/19/2018,8.8
8/20/2018,11.3
8/21/2018,10.5
8/22/2018,156
8/23/2018,117
8/24/2018,35.3
8/25/2018,17
8/26/2018,12.7
8/27/2018,9.39
8/28/2018,7.08
8/29/2018,6.01
8/30/2018,8.14
8/31/2018,32.7
9/1/2018,16.5
9/2/2018,9.16
9/3/2018,6.06
9/4/2018,4.37
9/5/2018,3.54
9/6/2018,5.59
9/7/2018,13.4
9/8/2018,18
9/9/2018,15.7
9/10/2018,56.4
9/11/2018,83.1
9/12/2018,40.4
9/13/2018,21.4
9/14/2018,14
9/15/2018,9.98
9/16/2018,7.63
9/17/2018,6.05
9/18/2018,5.02
9/19/2018,4.21
9/20/2018,3.65
9/21/2018,3.12
9/22/2018,3.07
9/23/2018,3.46
9/24/2018,3.82
9/25/2018,5.18
9/26/2018,9.86
9/27/2018,81.3
9/28/2018,53.1
9/29/2018,23.4
9/30/2018,14.5
10/1/2018,10.3
10/2/2018,8.29
10/3/2018,6.82
10/4/2018,6.03
10/5/2018,6.22
10/6/2018,8.59
10/7/2018,211
10/8/2018,333
10/9/2018,118
10/10/2018,61.8
10/11/2018,38.4
10/12/2018,26.3
10/13/2018,20.7
10/14/2018,16.4
10/15/2018,13.9
10/16/2018,11.5
10/17/2018,9.67
10/18/2018,8.19
10/19/2018,6.8
10/20/2018,6.14
10/21/2018,6.19
10/22/2018,5.46
10/23/2018,5.39
10/24/2018,5.61
10/25/2018,5.48
10/26/2018,5.15
10/27/2018,5.38
10/28/2018,13.3
10/29/2018,411
10/30/2018,464
10/31/2018,166
11/1/2018,735
11/2/2018,2690
11/3/2018,2240
11/4/2018,1410
11/5/2018,852
11/6/2018,663
11/7/2018,460
11/8/2018,273
11/9/2018,159
11/10/2018,139
11/11/2018,124
11/12/2018,87.7
11/13/2018,71.1
11/14/2018,59.9
11/15/2018,63.5
11/16/2018,277
11/17/2018,333
11/18/2018,211
11/19/2018,221
11/20/2018,194
11/21/2018,150
11/22/2018,99.3
11/23/2018,74.5
11/24/2018,212
11/25/2018,470
11/26/2018,676
11/27/2018,846
11/28/2018,639
11/29/2018,256
11/30/2018,131
12/1/2018,217
12/2/2018,662
12/3/2018,653
12/4/2018,359
12/5/2018,194
12/6/2018,133
12/7/2018,96.9
12/8/2018,74.5
12/9/2018,61.7
12/10/2018,64.9
12/11/2018,52.7
12/12/2018,45.1
12/13/2018,38.9
12/14/2018,40.4
12/15/2018,45.2
12/16/2018,243
12/17/2018,470
12/18/2018,228
12/19/2018,107
12/20/2018,83.8
12/21/2018,862
12/22/2018,1060
12/23/2018,658
12/24/2018,256
12/25/2018,139
12/26/2018,98.7
12/27/2018,79.3
12/28/2018,85.4
12/29/2018,116
12/30/2018,88.5
12/31/2018,317
1/1/2019,1300
1/2/2019,1200
1/3/2019,639
1/4/2019,281
1/5/2019,155
1/6/2019,109
1/7/2019,83.8
1/8/2019,241
1/9/2019,235
1/10/2019,95
1/11/2019,65.6
1/12/2019,55.1
1/13/2019,47.9
1/14/2019,46.7
1/15/2019,42.7
1/16/2019,42.2
1/17/2019,34.7
1/18/2019,34.4
1/19/2019,46.9
1/20/2019,46.8
1/21/2019,31.7
1/22/2019,28.3
1/23/2019,604
1/24/2019,2010
1/25/2019,1610
1/26/2019,578
1/27/2019,221
1/28/2019,115
1/29/2019,79.1
1/30/2019,59.9
1/31/2019,54.1
2/1/2019,49.4
2/2/2019,44.6
2/3/2019,49.9
2/4/2019,300
2/5/2019,846
2/6/2019,948
2/7/2019,1140
2/8/2019,1240
2/9/2019,759
2/10/2019,296
2/11/2019,154
2/12/2019,522
2/13/2019,1120
2/14/2019,777
2/15/2019,498
2/16/2019,340
2/17/2019,178
2/18/2019,122
2/19/2019,85.2
2/20/2019,130
2/21/2019,767
2/22/2019,758
2/23/2019,432
2/24/2019,627
2/25/2019,634
2/26/2019,273
2/27/2019,133
2/28/2019,106
3/1/2019,87.6
3/2/2019,75.6
3/3/2019,64.1
3/4/2019,56.7
3/5/2019,48.4
3/6/2019,40.9
3/7/2019,35.2
3/8/2019,31.4
3/9/2019,34.7
3/10/2019,362
3/11/2019,553
3/12/2019,244
3/13/2019,145
3/14/2019,248
3/15/2019,542
3/16/2019,477
3/17/2019,214
3/18/2019,139
3/19/2019,116
3/20/2019,96.9
3/21/2019,95
3/22/2019,97.3
3/23/2019,84.2
3/24/2019,70.9
3/25/2019,67.1
3/26/2019,65.6
3/27/2019,56.6
3/28/2019,50.6
3/29/2019,54.5
3/30/2019,226
3/31/2019,1140
4/1/2019,1070
4/2/2019,459
4/3/2019,211
4/4/2019,134
4/5/2019,103
4/6/2019,90.1
4/7/2019,79
4/8/2019,74.4
4/9/2019,71.5
4/10/2019,64.7
4/11/2019,55.4
4/12/2019,52.1
4/13/2019,51.6
4/14/2019,63.6
4/15/2019,231
4/16/2019,232
4/17/2019,129
4/18/2019,93
4/19/2019,196
4/20/2019,1220
4/21/2019,1390
4/22/2019,751
4/23/2019,305
4/24/2019,169
4/25/2019,121
4/26/2019,742
4/27/2019,864
4/28/2019,864
4/29/2019,684
4/30/2019,423
5/1/2019,541
5/2/2019,607
5/3/2019,678
5/4/2019,397
5/5/2019,219
5/6/2019,149
5/7/2019,109
5/8/2019,87
5/9/2019,80.1
5/10/2019,157
5/11/2019,169
5/12/2019,103
5/13/2019,236
5/14/2019,405
5/15/2019,240
5/16/2019,123
5/17/2019,91.9
5/18/2019,74
5/19/2019,64.8
5/20/2019,79.4
5/21/2019,88.7
5/22/2019,69.9
5/23/2019,57.1
5/24/2019,52.1
5/25/2019,46
5/26/2019,99.1
5/27/2019,194
5/28/2019,128
5/29/2019,190
5/30/2019,95
5/31/2019,66.1
6/1/2019,72.2
6/2/2019,764
6/3/2019,579
6/4/2019,192
6/5/2019,154
6/6/2019,502
6/7/2019,535
6/8/2019,210
6/9/2019,94.5
6/10/2019,301
6/11/2019,516
6/12/2019,225
6/13/2019,539
6/14/2019,747
6/15/2019,516
6/16/2019,1020
6/17/2019,1270
6/18/2019,1020
6/19/2019,660
6/20/2019,688
6/21/2019,1240
6/22/2019,863
6/23/2019,348
6/24/2019,141
6/25/2019,90.2
6/26/2019,66.4
6/27/2019,53.2
6/28/2019,43.9
6/29/2019,37.9
6/30/2019,34.1
7/1/2019,31.2
7/2/2019,33
7/3/2019,72.1
7/4/2019,144
7/5/2019,85.7
7/6/2019,55.3
7/7/2019,43.5
7/8/2019,119
7/9/2019,110
7/10/2019,55.3
7/11/2019,36.6
7/12/2019,29.1
7/13/2019,24.9
7/14/2019,22.5
7/15/2019,21.8
7/16/2019,78.7
7/17/2019,361
7/18/2019,581
7/19/2019,229
7/20/2019,83.7
7/21/2019,145
7/22/2019,859
7/23/2019,791
7/24/2019,411
7/25/2019,131
7/26/2019,75.6
7/27/2019,50.8
7/28/2019,37.2
7/29/2019,30.9
7/30/2019,30
7/31/2019,24.7
8/1/2019,22
8/2/2019,19
8/3/2019,17
8/4/2019,15.1
8/5/2019,14
8/6/2019,17.9
8/7/2019,25.2
8/8/2019,22.6
8/9/2019,16.3
8/10/2019,13
8/11/2019,11.5
8/12/2019,10.6
8/13/2019,11.3
8/14/2019,10
8/15/2019,10.8
8/16/2019,11.4
8/17/2019,9.93
8/18/2019,10.3
8/19/2019,19.5
8/20/2019,33.4
8/21/2019,23.6
8/22/2019,136
8/23/2019,101
8/24/2019,44.9
8/25/2019,22.1
8/26/2019,15.9
8/27/2019,16.5
8/28/2019,20.1
8/29/2019,16.7
8/30/2019,12.9
8/31/2019,10.7
9/1/2019,11
9/2/2019,32.1
9/3/2019,39.4
9/4/2019,27.1
9/5/2019,17
9/6/2019,12.9
9/7/2019,10.1
9/8/2019,8.48
9/9/2019,7.67
9/10/2019,6.8
9/11/2019,6.13
9/12/2019,5.53
9/13/2019,5.28
9/14/2019,5.71
9/15/2019,5.3
9/16/2019,5
9/17/2019,4.94
9/18/2019,4.67
9/19/2019,4.78
9/20/2019,4.56
9/21/2019,4.56
9/22/2019,4.26
9/23/2019,4.37
9/24/2019,4.27
9/25/2019,4.47
9/26/2019,4.78
9/27/2019,4.94
9/28/2019,6.53
9/29/2019,6.64
9/30/2019,25.2
10/1/2019,45.1
10/2/2019,29.8
10/3/2019,16.2
10/4/2019,11
10/5/2019,8.71
10/6/2019,7.47
10/7/2019,6.99
10/8/2019,6.18
10/9/2019,5.31
10/10/2019,4.9
10/11/2019,4.65
10/12/2019,5.33
10/13/2019,5.37
10/14/2019,4.91
10/15/2019,4.85
10/16/2019,6.75
10/17/2019,7.1
10/18/2019,7.16
10/19/2019,7.47
10/20/2019,6.63
10/21/2019,6.77
10/22/2019,6.52
10/23/2019,6.44
10/24/2019,5.92
10/25/2019,6.08
10/26/2019,6.93
10/27/2019,9.4
10/28/2019,8.84
10/29/2019,13.8
10/30/2019,13.1
10/31/2019,63.1
11/1/2019,199
11/2/2019,122
11/3/2019,49.3
11/4/2019,27.3
11/5/2019,20.6
11/6/2019,17
11/7/2019,13.5
11/8/2019,11.4
11/9/2019,10.5
11/10/2019,9.52
11/11/2019,9.35
11/12/2019,10.8
11/13/2019,12.2
11/14/2019,22.7
11/15/2019,21
11/16/2019,22.8
11/17/2019,35.6
11/18/2019,41.2
11/19/2019,33.8
11/20/2019,26.4
11/21/2019,20
11/22/2019,16.7
11/23/2019,16.5
11/24/2019,15.8
11/25/2019,15.4
11/26/2019,14.9
11/27/2019,15.4
11/28/2019,16.5
11/29/2019,16.4
11/30/2019,19.6
12/1/2019,18.6
12/2/2019,18.1
12/3/2019,33.2
12/4/2019,33.7
12/5/2019,27.5
12/6/2019,22.2
12/7/2019,18.2
12/8/2019,16.6
12/9/2019,24.7
12/10/2019,70.4
12/11/2019,83.9
12/12/2019,50.1
12/13/2019,33
12/14/2019,35.3
12/15/2019,76.8
12/16/2019,101
12/17/2019,63.8
12/18/2019,47.2
12/19/2019,40.5
12/20/2019,40
12/21/2019,30
12/22/2019,26.4
12/23/2019,27.2
12/24/2019,34.3
12/25/2019,52.1
12/26/2019,48.4
12/27/2019,41.7
12/28/2019,35
12/29/2019,61.2
12/30/2019,477
12/31/2019,477
1/1/2020,207
1/2/2020,125
1/3/2020,125
1/4/2020,250
1/5/2020,260
1/6/2020,150
1/7/2020,98.5
1/8/2020,76.1
1/9/2020,59.8
1/10/2020,423
1/11/2020,1090
1/12/2020,1560
1/13/2020,1030
1/14/2020,485
1/15/2020,216
1/16/2020,138
1/17/2020,106
1/18/2020,184
1/19/2020,668
1/20/2020,549
1/21/2020,208
1/22/2020,113
1/23/2020,93.4
1/24/2020,92
1/25/2020,429
1/26/2020,539
1/27/2020,359
1/28/2020,255
1/29/2020,180
1/30/2020,132
1/31/2020,99.5
2/1/2020,89
2/2/2020,96.2
2/3/2020,97.7
2/4/2020,80.7
2/5/2020,140
2/6/2020,158
2/7/2020,135
2/8/2020,97.1
2/9/2020,78.2
2/10/2020,646
2/11/2020,947
2/12/2020,621
2/13/2020,239
2/14/2020,148
2/15/2020,109
2/16/2020,106
2/17/2020,142
2/18/2020,563
2/19/2020,696
2/20/2020,361
2/21/2020,143
2/22/2020,98.3
2/23/2020,79.9
2/24/2020,73
2/25/2020,96.4
2/26/2020,214
2/27/2020,284
2/28/2020,186
2/29/2020,116
3/1/2020,103
3/2/2020,276
3/3/2020,549
3/4/2020,626
3/5/2020,368
3/6/2020,181
3/7/2020,144
3/8/2020,109
3/9/2020,91.3
3/10/2020,108
3/11/2020,163
3/12/2020,124
3/13/2020,311
3/14/2020,453
3/15/2020,198
3/16/2020,115
3/17/2020,99.5
3/18/2020,249
3/19/2020,1340
3/20/2020,1630
3/21/2020,1090
3/22/2020,560
3/23/2020,302
3/24/2020,268
3/25/2020,184
3/26/2020,136
3/27/2020,161
3/28/2020,657
3/29/2020,2410
3/30/2020,1700
3/31/2020,846
4/1/2020,442
4/2/2020,215
4/3/2020,135
4/4/2020,96.6
4/5/2020,78.9
4/6/2020,68.8
4/7/2020,68.9
4/8/2020,295
4/9/2020,313
4/10/2020,147
4/11/2020,94
4/12/2020,71
4/13/2020,70.2
4/14/2020,152
4/15/2020,103
4/16/2020,80
4/17/2020,65.8
4/18/2020,129
4/19/2020,172
4/20/2020,111
4/21/2020,84.1
4/22/2020,72.6
4/23/2020,60.5
4/24/2020,55.7
4/25/2020,51.3
4/26/2020,59.3
4/27/2020,134
4/28/2020,100
4/29/2020,77.3
4/30/2020,106
5/1/2020,152
5/2/2020,136
5/3/2020,92.9
5/4/2020,73.4
5/5/2020,62.7
5/6/2020,54
5/7/2020,49.2
5/8/2020,42.7
5/9/2020,37.8
5/10/2020,33.9
5/11/2020,33.8
5/12/2020,36.2
5/13/2020,28.8
5/14/2020,31
5/15/2020,82.4
5/16/2020,447
5/17/2020,427
5/18/2020,238
5/19/2020,1230
5/20/2020,1690
5/21/2020,995
5/22/2020,592
5/23/2020,425
5/24/2020,241
5/25/2020,131
5/26/2020,181
5/27/2020,105
5/28/2020,74.9
5/29/2020,60.9
5/30/2020,228
5/31/2020,365
6/1/2020,139
6/2/2020,71.8
6/3/2020,58.3
6/4/2020,46.3
6/5/2020,36.8
6/6/2020,31.5
6/7/2020,27.6
6/8/2020,24.4
6/9/2020,24.7
6/10/2020,23.8
6/11/2020,38.1
6/12/2020,30.5
6/13/2020,28.7
6/14/2020,27.1
6/15/2020,23.5
6/16/2020,19.6
6/17/2020,17
6/18/2020,16.3
6/19/2020,31.7
6/20/2020,109
6/21/2020,25.5
6/22/2020,362
6/23/2020,319
6/24/2020,123
6/25/2020,54.6
6/26/2020,33.6
6/27/2020,24
6/28/2020,21
6/29/2020,18.6
6/30/2020,15.5
7/1/2020,14.4
7/2/2020,13.5
7/3/2020,11.3
7/4/2020,9.57
7/5/2020,8.62
7/6/2020,7.97
7/7/2020,7.45
7/8/2020,6.72
7/9/2020,117
7/10/2020,101
7/11/2020,66.4
7/12/2020,36.8
7/13/2020,21
7/14/2020,14.8
7/15/2020,12.1
7/16/2020,9.86
7/17/2020,8.43
7/18/2020,7.12
7/19/2020,6.46
7/20/2020,6.1
7/21/2020,5.78
7/22/2020,10.7
7/23/2020,45.2
7/24/2020,49.1
7/25/2020,22.9
7/26/2020,13.4
7/27/2020,58.2
7/28/2020,464
7/29/2020,217
7/30/2020,50.1
7/31/2020,22.4
8/1/2020,14.8
8/2/2020,12.5
8/3/2020,54.2
8/4/2020,84.4
8/5/2020,34.3
8/6/2020,19.2
8/7/2020,12.5
8/8/2020,9.1
8/9/2020,6.94
8/10/2020,5.82
8/11/2020,5.05
8/12/2020,4.56
8/13/2020,4.08
8/14/2020,3.71
8/15/2020,3.75
8/16/2020,4.72
8/17/2020,15.1
8/18/2020,7.15
8/19/2020,5
8/20/2020,4.04
8/21/2020,3.44
8/22/2020,3.04
8/23/2020,2.74
8/24/2020,2.73
8/25/2020,2.93
8/26/2020,2.95
8/27/2020,2.99
8/28/2020,6.9
8/29/2020,66.3
8/30/2020,29.3
8/31/2020,11.3
9/1/2020,7.07
9/2/2020,5.33
9/3/2020,4.23
9/4/2020,3.41
9/5/2020,3.01
9/6/2020,2.71
9/7/2020,31.9
9/8/2020,292
9/9/2020,186
9/10/2020,44.9
9/11/2020,17.6
9/12/2020,12.1
9/13/2020,12.1
9/14/2020,16.8
9/15/2020,14.9
9/16/2020,9.98
9/17/2020,7.4
9/18/2020,5.8
9/19/2020,4.7
9/20/2020,4.15
9/21/2020,3.67
9/22/2020,3.31
9/23/2020,2.95
9/24/2020,2.66
9/25/2020,2.6
9/26/2020,2.76
9/27/2020,3.7
9/28/2020,4.91
9/29/2020,9.6
9/30/2020,7.09
10/1/2020,7.68
10/2/2020,6.61
10/3/2020,6.78
10/4/2020,6.88
10/5/2020,6.8
10/6/2020,5.76
10/7/2020,5.22
10/8/2020,5.83
10/9/2020,5
10/10/2020,5.39
10/11/2020,5.35
10/12/2020,4.67
10/13/2020,4.59
10/14/2020,4.41
10/15/2020,4.51
10/16/2020,3.99
10/17/2020,4.39
10/18/2020,3.95
10/19/2020,4.41
10/20/2020,6.98
10/21/2020,432
10/22/2020,573
10/23/2020,272
10/24/2020,131
10/25/2020,183
10/26/2020,76.1
10/27/2020,45
10/28/2020,57.1
10/29/2020,514
10/30/2020,860
10/31/2020,733
11/1/2020,306
11/2/2020,110
11/3/2020,67.3
11/4/2020,49.1
11/5/2020,40.9
11/6/2020,30.4
11/7/2020,24.6
11/8/2020,21.5
11/9/2020,19.6
11/10/2020,18.1
11/11/2020,17.6
11/12/2020,18.5
11/13/2020,18.7
11/14/2020,16.9
11/15/2020,21.9
11/16/2020,73
11/17/2020,74.7
11/18/2020,45
11/19/2020,30
11/20/2020,24.5
11/21/2020,19.8
11/22/2020,26.9
11/23/2020,188
11/24/2020,207
11/25/2020,118
11/26/2020,583
11/27/2020,627
11/28/2020,326
11/29/2020,117
11/30/2020,155
12/1/2020,542
12/2/2020,532
12/3/2020,321
12/4/2020,236
12/5/2020,449
12/6/2020,394
12/7/2020,202
12/8/2020,124
12/9/2020,92.9
12/10/2020,77.6
12/11/2020,63.8
12/12/2020,58.9
12/13/2020,72.4
12/14/2020,93
12/15/2020,64.3
12/16/2020,50.5
12/17/2020,44.5
12/18/2020,40.1
12/19/2020,34
12/20/2020,41.4
12/21/2020,122
12/22/2020,110
12/23/2020,81.3
12/24/2020,88.1
12/25/2020,131
12/26/2020,83.7
12/27/2020,77.7
12/28/2020,218
12/29/2020,371
12/30/2020,185
12/31/2020,385
1/1/2021,510
1/2/2021,1330
1/3/2021,1270
1/4/2021,721
1/5/2021,351
1/6/2021,185
1/7/2021,125
1/8/2021,100
1/9/2021,84.5
1/10/2021,69.7
1/11/2021,60.1
1/12/2021,53.5
1/13/2021,43.6
1/14/2021,43.7
1/15/2021,42.4
1/16/2021,41.6
1/17/2021,39.3
1/18/2021,37
1/19/2021,34.1
1/20/2021,30.7
1/21/2021,29.6
1/22/2021,31.9
1/23/2021,39.1
1/24/2021,31.1
1/25/2021,25.8
1/26/2021,27
1/27/2021,28.3
1/28/2021,23.1
1/29/2021,19.1
1/30/2021,17.3
1/31/2021,19.7
2/1/2021,21.2
2/2/2021,21.8
2/3/2021,18.4
2/4/2021,17.4
2/5/2021,17.7
2/6/2021,17.1
2/7/2021,14.4
2/8/2021,11.1
2/9/2021,9.06
2/10/2021,7.96
2/11/2021,7.65
2/12/2021,7.5
2/13/2021,7.2
2/14/2021,7.08
2/15/2021,7.08
2/16/2021,7.08
2/17/2021,7.08
2/18/2021,7.08
2/19/2021,7.08
2/20/2021,7
2/21/2021,6.91
2/22/2021,6.69
2/23/2021,8.7
2/24/2021,91.5
2/25/2021,626
2/26/2021,868
2/27/2021,1050
2/28/2021,1590
3/1/2021,1950
3/2/2021,1210
3/3/2021,608
3/4/2021,298
3/5/2021,166
3/6/2021,106
3/7/2021,79.5
3/8/2021,65
3/9/2021,58.8
3/10/2021,55.9
3/11/2021,55.6
3/12/2021,54
3/13/2021,47.3
3/14/2021,40
3/15/2021,36.2
3/16/2021,33.8
3/17/2021,29.6
3/18/2021,106
3/19/2021,428
3/20/2021,225
3/21/2021,101
3/22/2021,76
3/23/2021,63.3
3/24/2021,55.2
3/25/2021,54.3
3/26/2021,52.9
3/27/2021,51
3/28/2021,48.7
3/29/2021,48.8
3/30/2021,41.1
3/31/2021,35.4
4/1/2021,33.9
4/2/2021,30.3
4/3/2021,24.7
4/4/2021,22.6
4/5/2021,22.3
4/6/2021,23.9
4/7/2021,21.1
4/8/2021,20.9
4/9/2021,23.6
4/10/2021,24.1
4/11/2021,30.2
4/12/2021,94
4/13/2021,72.1
4/14/2021,50.5
4/15/2021,38.4
4/16/2021,32.7
4/17/2021,28.6
4/18/2021,25.6
4/19/2021,22.8
4/20/2021,21.6
4/21/2021,22.9
4/22/2021,23
4/23/2021,26.7
4/24/2021,24.2
4/25/2021,22.1
4/26/2021,21
4/27/2021,19.7
4/28/2021,19
4/29/2021,514
4/30/2021,819
5/1/2021,404
5/2/2021,132
5/3/2021,92.5
5/4/2021,220
5/5/2021,154
5/6/2021,91.2
5/7/2021,136
5/8/2021,226
5/9/2021,957
5/10/2021,2220
5/11/2021,1630
5/12/2021,878
5/13/2021,510
5/14/2021,239
5/15/2021,138
5/16/2021,94.6
5/17/2021,71.9
5/18/2021,56.3
5/19/2021,42.5
5/20/2021,39.1
5/21/2021,31.7
5/22/2021,28.2
5/23/2021,27.4
5/24/2021,28
5/25/2021,32.6
5/26/2021,31.7
5/27/2021,27.6
5/28/2021,26.4
5/29/2021,25.2
5/30/2021,28.1
5/31/2021,24.6
6/1/2021,19.7
6/2/2021,19.8
6/3/2021,26.4
6/4/2021,76.6
6/5/2021,142
6/6/2021,65.9
6/7/2021,37.2
6/8/2021,28
6/9/2021,295
6/10/2021,429
6/11/2021,120
6/12/2021,53.8
6/13/2021,34.7
6/14/2021,27.1
6/15/2021,27.4
6/16/2021,31.7
6/17/2021,23.6
6/18/2021,18.3
6/19/2021,15.4
6/20/2021,15.4
6/21/2021,13.9
6/22/2021,12.3
6/23/2021,21.1
6/24/2021,15.3
6/25/2021,11.5
6/26/2021,9.95
6/27/2021,16.7
6/28/2021,35.1
6/29/2021,75
6/30/2021,596
7/1/2021,1320
7/2/2021,1300
7/3/2021,685
7/4/2021,221
7/5/2021,86
7/6/2021,49.3
7/7/2021,31.9
7/8/2021,25.9
7/9/2021,29.1
7/10/2021,43.9
7/11/2021,28.1
7/12/2021,47.6
7/13/2021,43.5
7/14/2021,33.7
7/15/2021,83
7/16/2021,53.2
7/17/2021,736
7/18/2021,1480
7/19/2021,1490
7/20/2021,1010
7/21/2021,655
7/22/2021,414
7/23/2021,225
7/24/2021,139
7/25/2021,99.1
7/26/2021,78.7
7/27/2021,49.4
7/28/2021,33
7/29/2021,29.3
7/30/2021,23.3
7/31/2021,19.6
8/1/2021,15
8/2/2021,12.5
8/3/2021,11.8
8/4/2021,10.8
8/5/2021,9.45
8/6/2021,8.23
8/7/2021,7.27
8/8/2021,6.78
8/9/2021,6.89
8/10/2021,7.19
8/11/2021,9.48
8/12/2021,29.6
8/13/2021,26.8
8/14/2021,30
8/15/2021,37.1
8/16/2021,17.8
8/17/2021,254
8/18/2021,212
8/19/2021,74
8/20/2021,41.6
8/21/2021,22.4
8/22/2021,13.7
8/23/2021,10.4
8/24/2021,8.71
8/25/2021,8.83
8/26/2021,206
8/27/2021,184
8/28/2021,47.3
8/29/2021,24
8/30/2021,16.5
8/31/2021,13.5
9/1/2021,10.4
9/2/2021,8.62
9/3/2021,7.13
9/4/2021,6.26
9/5/2021,6.93
9/6/2021,5.86
9/7/2021,5.89
9/8/2021,5.46
9/9/2021,4.57
9/10/2021,3.88
9/11/2021,3.55
9/12/2021,3.36
9/13/2021,3.37
9/14/2021,3.33
9/15/2021,3.83
9/16/2021,3.5
9/17/2021,3.2
9/18/2021,3.37
9/19/2021,3.21
9/20/2021,3.29
9/21/2021,3.45
9/22/2021,11.2
9/23/2021,117
9/24/2021,165
9/25/2021,52.7
9/26/2021,24.4
9/27/2021,14.3
9/28/2021,10.5
9/29/2021,8.47
9/30/2021,7.46
10/1/2021,6.31
10/2/2021,5.77
10/3/2021,6.21
10/4/2021,9.66
10/5/2021,22.5
10/6/2021,43.7
10/7/2021,22.8
10/8/2021,14.4
10/9/2021,11.4
10/10/2021,10.2
10/11/2021,9.88
10/12/2021,8.92
10/13/2021,7.38
10/14/2021,6.15
10/15/2021,6.06
10/16/2021,7.08
10/17/2021,15.6
10/18/2021,20.7
10/19/2021,15.4
10/20/2021,11
10/21/2021,10.8
10/22/2021,11.3
10/23/2021,16.1
10/24/2021,14.7
10/25/2021,274
10/26/2021,577
10/27/2021,331
10/28/2021,108
10/29/2021,320
10/30/2021,712
10/31/2021,637
11/1/2021,275
11/2/2021,106
11/3/2021,65.7
11/4/2021,50.7
11/5/2021,42.7
11/6/2021,31.2
11/7/2021,25.6
11/8/2021,22.8
11/9/2021,24.2
11/10/2021,23.2
11/11/2021,22.6
11/12/2021,119
11/13/2021,186
11/14/2021,84.5
11/15/2021,141
11/16/2021,200
11/17/2021,108
11/18/2021,101
11/19/2021,135
11/20/2021,97.5
11/21/2021,67.5
11/22/2021,56.3
11/23/2021,48.2
11/24/2021,38.9
11/25/2021,34.7
11/26/2021,43.8
11/27/2021,55.7
11/28/2021,52.2
11/29/2021,47
11/30/2021,42.1
12/1/2021,43.1
12/2/2021,57.1
12/3/2021,73
12/4/2021,61.9
12/5/2021,57.1
12/6/2021,150
12/7/2021,405
12/8/2021,261
12/9/2021,111
12/10/2021,76.4
12/11/2021,474
12/12/2021,888
12/13/2021,736
12/14/2021,294
12/15/2021,150
12/16/2021,106
12/17/2021,82.1
12/18/2021,135
12/19/2021,362
12/20/2021,237
12/21/2021,127
12/22/2021,93.5
12/23/2021,74
12/24/2021,58.5
12/25/2021,711
12/26/2021,1190
12/27/2021,999
12/28/2021,896
12/29/2021,1020
12/30/2021,780
12/31/2021,361
1/1/2022,225
1/2/2022,540
1/3/2022,476
1/4/2022,196
1/5/2022,125
1/6/2022,88.7
1/7/2022,60.5
1/8/2022,49.5
1/9/2022,38
1/10/2022,40.3
1/11/2022,33.5
1/12/2022,29.5
1/13/2022,26.3
1/14/2022,21.9
1/15/2022,18.8
1/16/2022,16.6
1/17/2022,15.7
1/18/2022,15
1/19/2022,13.9
1/20/2022,12.9
1/21/2022,11.9
1/22/2022,11
1/23/2022,10.1
1/24/2022,9.39
1/25/2022,8.61
1/26/2022,7.95
1/27/2022,7.5
1/28/2022,7.14
1/29/2022,6.73
1/30/2022,6.28
1/31/2022,5.94
2/1/2022,6.5
2/2/2022,249
2/3/2022,712
2/4/2022,525
2/5/2022,309
2/6/2022,135
2/7/2022,89.5
2/8/2022,67
2/9/2022,54.2
2/10/2022,57.8
2/11/2022,70
2/12/2022,202
2/13/2022,313
2/14/2022,174
2/15/2022,81.5
2/16/2022,264
2/17/2022,1950
2/18/2022,2390
2/19/2022,1410
2/20/2022,779
2/21/2022,620
2/22/2022,1060
2/23/2022,1550
2/24/2022,989
2/25/2022,433
2/26/2022,254
2/27/2022,162
2/28/2022,185
3/1/2022,221
3/2/2022,332
3/3/2022,372
3/4/2022,253
3/5/2022,149
3/6/2022,155
3/7/2022,1080
3/8/2022,1520
3/9/2022,910
3/10/2022,418
3/11/2022,197
3/12/2022,128
3/13/2022,89.6
3/14/2022,78.8
3/15/2022,69.8
3/16/2022,65
3/17/2022,60.9
3/18/2022,57.6
3/19/2022,98.9
3/20/2022,347
3/21/2022,303
3/22/2022,155
3/23/2022,122
3/24/2022,253
3/25/2022,168
3/26/2022,162
3/27/2022,207
3/28/2022,129
3/29/2022,85.6
3/30/2022,71.5
3/31/2022,69.5
4/1/2022,66.5
4/2/2022,60
4/3/2022,56.5
4/4/2022,53.5
4/5/2022,56.8
4/6/2022,58.4
4/7/2022,60.5
4/8/2022,63.4
4/9/2022,58.5
4/10/2022,65.7
4/11/2022,69.9
4/12/2022,448
4/13/2022,546
4/14/2022,743
4/15/2022,802
4/16/2022,335
4/17/2022,147
4/18/2022,102
4/19/2022,147
4/20/2022,300
4/21/2022,179
4/22/2022,126
4/23/2022,100
4/24/2022,83.2
4/25/2022,79
4/26/2022,95.9
4/27/2022,104
4/28/2022,76.4
4/29/2022,62.8
4/30/2022,54.1
5/1/2022,50
5/2/2022,47.4
5/3/2022,61.4
5/4/2022,140
5/5/2022,144
5/6/2022,677
5/7/2022,1570
5/8/2022,1200
5/9/2022,584
5/10/2022,244
5/11/2022,132
5/12/2022,91.2
5/13/2022,65.9
5/14/2022,57.1
5/15/2022,78.8
5/16/2022,78
5/17/2022,62.3
5/18/2022,49.9
5/19/2022,46.5
5/20/2022,53.2
5/21/2022,355
5/22/2022,931
5/23/2022,901
5/24/2022,452
5/25/2022,164
5/26/2022,113
5/27/2022,301
5/28/2022,368
5/29/2022,178
5/30/2022,98.2
5/31/2022,70.9
6/1/2022,409
6/2/2022,1310
6/3/2022,678
6/4/2022,161
6/5/2022,76.7
6/6/2022,54.4
6/7/2022,52.8
6/8/2022,93.5
6/9/2022,212
6/10/2022,142
6/11/2022,63.4
6/12/2022,43.4
6/13/2022,40
6/14/2022,870
6/15/2022,1100
6/16/2022,835
6/17/2022,305
6/18/2022,106
6/19/2022,58.5
6/20/2022,39.2
6/21/2022,36.8
6/22/2022,38.1
6/23/2022,26.5
6/24/2022,21.1
6/25/2022,17.7
6/26/2022,15.3
6/27/2022,13.8
6/28/2022,12.7
6/29/2022,12
6/30/2022,10.1
7/1/2022,9.83
7/2/2022,9.1
7/3/2022,8.41
7/4/2022,8
7/5/2022,8.51
7/6/2022,38.2
7/7/2022,100
7/8/2022,47.5
7/9/2022,23.8
7/10/2022,15.5
7/11/2022,12
7/12/2022,10.6
7/13/2022,11.2
7/14/2022,11.2
7/15/2022,9.79
7/16/2022,11.5
7/17/2022,11.3
7/18/2022,134
7/19/2022,78.8
7/20/2022,32.1
7/21/2022,21.4
7/22/2022,19.9
7/23/2022,15.9
7/24/2022,12.7
7/25/2022,69.6
7/26/2022,36.4
7/27/2022,19.1
7/28/2022,13.4
7/29/2022,11.3
7/30/2022,10
7/31/2022,7.52
8/1/2022,6.42
8/2/2022,6.19
8/3/2022,6.25
8/4/2022,6.57
8/5/2022,5.8
8/6/2022,5.07
8/7/2022,4.42
8/8/2022,5.78
8/9/2022,38.6
8/10/2022,255
8/11/2022,108
8/12/2022,37.9
8/13/2022,21.6
8/14/2022,18.2
8/15/2022,16.6
8/16/2022,20.1
8/17/2022,15.7
8/18/2022,11.9
8/19/2022,10.4
8/20/2022,15.9
8/21/2022,78.2
8/22/2022,42.9
8/23/2022,28.2
8/24/2022,19
8/25/2022,13.5
8/26/2022,10.5
8/27/2022,8.75
8/28/2022,7.37
8/29/2022,7.45
8/30/2022,7.89
8/31/2022,7
9/1/2022,7.71
9/2/2022,7.59
9/3/2022,6.38
9/4/2022,7.59
9/5/2022,43.8
9/6/2022,24.2
9/7/2022,14.5
9/8/2022,9.93
9/9/2022,7.99
9/10/2022,6.65
9/11/2022,5.9
9/12/2022,5.21
9/13/2022,5.6
9/14/2022,5.26
9/15/2022,4.92
9/16/2022,5.39
9/17/2022,5.8
9/18/2022,5.05
9/19/2022,5.06
9/20/2022,4.76
9/21/2022,5.13
9/22/2022,4.54
9/23/2022,4.86
9/24/2022,5.61
9/25/2022,7.31
9/26/2022,8.68
9/27/2022,9.22
9/28/2022,13.9
9/29/2022,11
9/30/2022,9.94
