"date","remark","conc"
2007-10-01,"",51.257
2007-10-22,"",36.21
2007-10-29,"",15.601
2007-11-05,"",3.786
2007-11-12,"",6.4071
2007-11-19,"",2.39
2007-11-26,"",5.9435
2007-12-03,"",60.544
2007-12-10,"",10.256
2007-12-17,"",14.768
2008-01-07,"",54.659
2008-01-14,"",30.937
2008-01-21,"",9
2008-01-29,"",5.0813
2008-02-04,"",7.8048
2008-02-05,"",215.35
2008-02-12,"",26.239
2008-02-18,"",223.55
2008-02-25,"",19.73
2008-03-04,"",186.13
2008-03-10,"",18.544
2008-03-17,"",28.992
2008-03-24,"",21.041
2008-03-31,"",28.233
2008-04-07,"",26.825
2008-04-14,"",46.476
2008-04-23,"",38.674
2008-04-24,"",40.483
2008-04-25,"",40.062
2008-04-26,"",39.14
2008-04-28,"",40.7055
2008-04-29,"",26.706
2008-04-30,"",26.028
2008-05-01,"",25.359
2008-05-02,"",19.114
2008-05-03,"",21.294
2008-05-04,"",24.214
2008-05-05,"",21.5056996919918
2008-05-06,"",23.051
2008-05-07,"",25.366
2008-05-08,"",19.542
2008-05-09,"",22.574
2008-05-10,"",17.826
2008-05-12,"",27.235203320802
2008-05-13,"",23.948
2008-05-14,"",26.098
2008-05-15,"",23.962
2008-05-16,"",14.687
2008-05-17,"",17.699
2008-05-18,"",16.822
2008-05-19,"",19.6492990786676
2008-05-20,"",21.874042498239
2008-05-21,"",15.698
2008-05-27,"",20.069
2008-06-02,"",64.285
2008-06-09,"",29.523
2008-06-10,"",246.593368313284
2008-06-11,"",162.587953139644
2008-06-12,"",49.6811116134061
2008-06-13,"",61.425
2008-06-14,"",51.342
2008-06-15,"",39.267759617189
2008-06-16,"",63.9339236641221
2008-06-17,"",225.288755216406
2008-06-18,"",133.06
2008-06-22,"",167.189673159459
2008-06-23,"",123.742615923796
2008-06-30,"",82.4
2008-07-03,"",472.88039086967
2008-07-04,"",225.103261701501
2008-07-07,"",15.6730225770238
2008-07-08,"",17.848
2008-07-09,"",45.79
2008-07-10,"",34.588
2008-07-11,"",22.786
2008-07-12,"",19.024
2008-07-13,"",23.233
2008-07-14,"",33.1384259675222
2008-07-15,"",37.843
2008-07-16,"",44.165
2008-07-17,"",48.469
2008-07-18,"",56.297
2008-07-21,"",49.956
2008-07-28,"",60.24
2008-08-04,"",61.028
2008-08-11,"",65.268
2008-08-18,"",60.987
2008-08-25,"",53.223
2008-09-02,"",55.825
2008-09-08,"",61.176
2008-09-14,"",42.577
2008-09-15,"",71.5843854393969
2008-09-16,"",65.439
2008-09-17,"",54.371
2008-09-18,"",54.123
2008-09-19,"",44.957
2008-09-22,"",62.214
2008-09-29,"",48.78
2008-10-06,"",38.875
2008-10-13,"",49.819
2008-10-20,"",10.486
2008-10-27,"",12.287
2008-11-03,"",15.686
2008-11-10,"",4.2704
2008-11-17,"",7.0471
2008-11-24,"",1.9426
2008-12-01,"",1.3837
2008-12-08,"",2.0586
2008-12-09,"",20.948
2008-12-10,"",30.0049074721781
2008-12-11,"",12.5764514742498
2008-12-12,"",12.9933716291097
2008-12-13,"",9.1995
2008-12-14,"",11.246
2008-12-15,"",7.38019466821211
2008-12-16,"",6.9108
2008-12-17,"",9.4148
2008-12-18,"",11.307
2008-12-20,"",6.3157
2009-01-05,"",16.2790138958816
2009-01-06,"",10.009
2009-01-07,"",12.112
2009-01-08,"",11.191
2009-01-09,"",7.0493
2009-01-10,"",8.8105
2009-01-11,"",8.7976
2009-01-12,"",5.25622062766125
2009-01-13,"",5.6369
2009-01-14,"",5.8823
2009-02-08,"",59.8722048812665
2009-02-09,"",39.2818992137013
2009-02-10,"",66.4114687788058
2009-02-11,"",151.57610399137
2009-02-12,"",150.671487382378
2009-02-13,"",110.652249070632
2009-02-14,"",79.3831779785669
2009-02-15,"",40.5391141726913
2009-02-16,"",30.800022034126
2009-02-17,"",27.7601671567519
2009-02-18,"",21.169
2009-02-19,"",48.1951397076281
2009-02-20,"",68.8312781669586
2009-02-21,"",25.691
2009-02-22,"",20.465
2009-02-23,"",19.4356741545894
2009-02-24,"",13.8
2009-02-25,"",19.298
2009-02-26,"",19.81
2009-02-27,"",88.9514528400892
2009-02-28,"",293.246595474898
2009-03-01,"",133.34191291841
2009-03-02,"",68.3328626974483
2009-03-03,"",38.709
2009-03-04,"",29.686
2009-03-05,"",25.615
2009-03-06,"",25.827
2009-03-07,"",26.087
2009-03-08,"",386.323625
2009-03-09,"",277.963034212648
2009-03-10,"",200.826823552974
2009-03-13,"",247.336884691617
2009-03-14,"",112.104013157895
2009-03-15,"",77.1090283439061
2009-03-16,"",58.7981282702565
2009-03-17,"",46.721
2009-03-18,"",48.58
2009-03-19,"",51.47
2009-03-20,"",57.416
2009-03-21,"",48.27
2009-03-22,"",41.969
2009-03-23,"",38.9486340160285
2009-03-24,"",33.144
2009-03-25,"",28.099
2009-03-26,"",32.446
2009-03-27,"",32.286
2009-03-28,"",29.761
2009-03-29,"",92.953
2009-03-30,"",65.2662729685471
2009-03-31,"",54.6325391340263
2009-04-01,"",33.088
2009-04-02,"",36.468
2009-04-03,"",40.169
2009-04-04,"",50.888
2009-04-05,"",42.986
2009-04-06,"",216.239218773526
2009-04-07,"",117.461410106268
2009-04-08,"",79.4078382352941
2009-04-09,"",41.525
2009-04-10,"",34.277
2009-04-11,"",33.454
2009-04-12,"",25.806
2009-04-13,"",33.109115704698
2009-04-14,"",37.109
2009-04-15,"",84.522597270897
2009-04-16,"",71.3571080376958
2009-04-17,"",33.468
2009-04-18,"",22.094
2009-04-19,"",22.797
2009-04-20,"",43.3539627170174
2009-04-21,"",73.217
2009-04-22,"",43.052
2009-04-23,"",26.939
2009-04-24,"",24
2009-04-25,"",24.048
2009-04-26,"",24.546
2009-04-27,"",36.5163233383308
2009-04-28,"",45.226
2009-04-29,"",36.636
2009-04-30,"",40.969
2009-05-01,"",51.2629334634594
2009-05-02,"",52.5747443074223
2009-05-03,"",31.872
2009-05-04,"",35.7216901657459
2009-05-05,"",27.755
2009-05-06,"",29.082
2009-05-07,"",28.616
2009-05-08,"",30.612
2009-05-09,"",27.234
2009-05-10,"",30.85
2009-05-11,"",42.0902293166689
2009-05-12,"",40.515
2009-05-14,"",76.0976557454146
2009-05-15,"",48.266220811143
2009-05-16,"",31.716
2009-05-17,"",51.2008323285277
2009-05-18,"",57.8769073853484
2009-05-19,"",37.811
2009-05-20,"",32.437
2009-05-21,"",31.802
2009-05-22,"",41.916
2009-05-23,"",42.512
2009-05-24,"",89.977
2009-05-26,"",43.542
2009-05-27,"",166.71912492641
2009-05-28,"",110.924999028764
2009-05-29,"",64.7809841687648
2009-05-30,"",51.1353675980889
2009-05-31,"",37.6076747359494
2009-06-01,"",46.3912273757629
2009-06-02,"",171.162518485916
2009-06-03,"",79.1372860206186
2009-06-04,"",45.901
2009-06-05,"",60.975
2009-06-08,"",47.756
2009-06-12,"",45.497
2009-06-13,"",77.5999508856683
2009-06-14,"",49.5153107027395
2009-06-15,"",39.7912618992872
2009-06-19,"",501.97
2009-06-20,"",295.050833649829
2009-06-21,"",163.139632079372
2009-06-22,"",72.9577073156094
2009-06-23,"",41.464904040404
2009-06-24,"",32.4596564484344
2009-06-25,"",33.1216035674859
2009-06-26,"",194.87
2009-06-27,"",41.758
2009-06-28,"",99.712
2009-06-29,"",71.364
2009-07-06,"",63.479
2009-07-13,"",58.645
2009-07-20,"",59.57
2009-07-27,"",41.91
2009-08-03,"",50.13
2009-08-10,"",33.268
2009-08-17,"",51.153
2009-08-24,"",76.378
2009-08-29,"",63.338
2009-08-30,"",83.5642136982781
2009-09-07,"",74.288
2009-09-14,"",66.715
2009-09-21,"",56.797
2009-09-28,"",46.259
2009-10-05,"",35.545
2009-10-10,"",31.007
2009-10-11,"",26.3281097106846
2009-10-12,"",28.4064481090589
2009-10-19,"",7.544
2009-10-23,"",41.666
2009-10-24,"",51.0695069232336
2009-10-25,"",43.0990529338327
2009-10-26,"",34.0103602980309
2009-10-27,"",15.853
2009-10-28,"",13.123
2009-10-29,"",16.331
2009-10-30,"",19.207
2009-10-31,"",27.219
2009-11-01,"",28.459
2009-11-02,"",26.7608986125934
2009-11-03,"",12.035
2009-11-04,"",8.7184
2009-11-05,"",5.1177
2009-11-06,"",8.24396879929886
2009-11-09,"",18.905
2009-11-16,"",18.699
2009-11-20,"",18.518
2009-11-21,"",14.094
2009-11-22,"",11.7284714559912
2009-11-23,"",8.7815
2009-12-01,"",5.3475
2009-12-02,"",11.424
2009-12-03,"",63.9029291184863
2009-12-04,"",54.534445829523
2009-12-05,"",39.3296305884696
2009-12-06,"",19.0204515344058
2009-12-07,"",11.1617672799886
2009-12-08,"",6.7943
2009-12-09,"",47.8033747846357
2009-12-10,"",49.9662189493118
2009-12-11,"",31.2038950992305
2009-12-12,"",12.557
2009-12-13,"",9.5837
2009-12-14,"",10.1739696498054
2009-12-15,"",12.867
2009-12-17,"",13.138
2009-12-18,"",7.5235
2009-12-19,"",7.2416
2009-12-20,"",6.6666
2009-12-21,"",4.9019
2009-12-26,"",104.09
2009-12-27,"",121.87
2009-12-28,"",86.476
2009-12-29,"",48.722
2009-12-31,"",19.178
2010-01-01,"",12.6
2010-01-05,"",8.83397497820401
2010-01-06,"",4.92
2010-01-24,"",135.19
2010-01-25,"",119.87984384324
2010-01-26,"",91.5400010492445
2010-01-27,"",41.6361172305559
2010-01-28,"",21.0756092271867
2010-03-01,"",85.0300721634615
2010-03-02,"",44.6842040044494
2010-03-03,"",35.2602786287381
2010-03-04,"",35.326
2010-03-05,"",32.649
2010-03-06,"",27.559
2010-03-07,"",49.455
2010-03-08,"",50.8101057946534
2010-03-09,"",54.119206148889
2010-03-10,"",54.4262478395062
2010-03-11,"",50.6526143601621
2010-03-12,"",49.5241371571072
2010-03-13,"",57.3586757741348
2010-03-14,"",44.7834669938262
2010-03-15,"",35.7319713701431
2010-03-16,"",21.704
2010-03-17,"",20.1
2010-03-18,"",17.6
2010-03-19,"",19.704
2010-03-20,"",29.337
2010-03-21,"",24.514
2010-03-22,"",21.1697361171273
2010-03-23,"",17.7971021079095
2010-03-24,"",18.9082731253421
2010-03-25,"",20.219916499113
2010-03-26,"",22.3664368380512
2010-03-27,"",20.7465249302326
2010-03-28,"",21.6770073886426
2010-03-29,"",16.3235416413374
2010-03-30,"",18.309
2010-03-31,"",22.909
2010-04-01,"",18.501
2010-04-02,"",24.316
2010-04-03,"",16.326
2010-04-04,"",15.815
2010-04-05,"",61.2397853881278
2010-04-07,"",654.08
2010-04-08,"",293.267039473684
2010-04-09,"",81.9221882012306
2010-04-10,"",40.0337649731516
2010-04-11,"",31.2705346507097
2010-04-12,"",29.7803796098533
2010-04-13,"",23.312
2010-04-14,"",16.854
2010-04-15,"",14.301
2010-04-16,"",15.97
2010-04-17,"",31.344
2010-04-25,"",298.233532599119
2010-04-26,"",223.31524610854
2010-04-27,"",89.1115946547884
2010-04-28,"",50.9760016423732
2010-04-29,"",32.091
2010-04-30,"",25.742
2010-05-01,"",36.476
2010-05-02,"",67.58
2010-05-03,"",370.759857805567
2010-05-10,"",58.479
2010-05-11,"",140.913677484277
2010-05-12,"",154.603010057523
2010-05-13,"",96.8978215613383
2010-05-14,"",54.6911706398996
2010-05-15,"",35.269
2010-05-16,"",30.969
2010-05-17,"",33.4863363740023
2010-05-18,"",52.935
2010-05-19,"",74.509
2010-05-20,"",52.029
2010-05-21,"",59.313
2010-05-22,"",352.519577849516
2010-05-23,"",214.421284463185
2010-05-24,"",136.19183022024
2010-05-25,"",30.723
2010-05-26,"",21.516
2010-05-27,"",20.872
2010-05-28,"",22.158
2010-05-29,"",30.581
2010-05-30,"",35.07
2010-05-31,"",98.393
2010-06-01,"",292.3535200206
2010-06-02,"",88.9895306705316
2010-06-03,"",62.56
2010-06-04,"",55.045
2010-06-05,"",64.516
2010-06-06,"",514.575414007354
2010-06-07,"",236.77749265426
2010-06-08,"",120.59
2010-06-09,"",79.7433872318158
2010-06-10,"",56.3156637278672
2010-06-11,"",57.0898553998351
2010-06-12,"",64.516
2010-06-13,"",83.503
2010-06-14,"",65.6577989601386
2010-06-16,"",65.75
2010-06-17,"",61.368
2010-06-18,"",64.454
2010-06-19,"",75.681
2010-06-21,"",120.9
2010-06-25,"",61.9377371956339
2010-06-26,"",74.803
2010-06-27,"",65.605
2010-06-28,"",80.7560042615229
2010-06-29,"",51.3842196904557
2010-07-06,"",54.82
2010-07-12,"",64.547
2010-07-19,"",58.884
2010-07-25,"",64.285
2010-07-26,"",74.9800672223716
2010-07-27,"",68.0821538461539
2010-08-02,"",81.325
2010-08-09,"",85.774
2010-08-16,"",93.117
2010-08-23,"",81.903
2010-08-30,"",76.327
2010-09-07,"",62.058
2010-09-13,"",54.223
2010-09-20,"",62.861
2010-09-27,"",52.031
2010-10-04,"",36.175
2010-10-11,"",50.519
2010-10-19,"",49.382
2010-10-25,"",47.935
2010-11-01,"",11.14
2010-11-08,"",2.9498
2010-11-15,"",18.991
2010-11-22,"",20.627
2010-11-26,"",20.5899284994965
2010-11-29,"",12.526
2010-12-01,"",8.71711410934744
2010-12-02,"",8.5592
2010-12-06,"",3.1104
2010-12-14,"",3.4819
2011-01-03,"",15.1394635501355
2011-01-04,"",9.3108944235589
2011-01-05,"",14.1991547997457
2011-01-06,"",13.8598596677271
2011-02-17,"",119.06
2011-02-18,"",78.571
2011-02-21,"",36.5185535714286
2011-02-22,"",24.7577295373665
2011-02-23,"",19.3487022305832
2011-02-24,"",15.6792697938452
2011-02-25,"",17.3511260072242
2011-02-26,"",16.2432467221327
2011-02-27,"",53.6174664480751
2011-02-28,"",109.175265008112
2011-03-01,"",82.2555757575758
2011-03-02,"",44.52
2011-03-03,"",27.205
2011-03-04,"",45.899
2011-03-05,"",112.287342465753
2011-03-06,"",109.829666587846
2011-03-07,"",88.4594761006289
2011-03-08,"",58.6939156093586
2011-03-09,"",36.806
2011-03-10,"",47.843
2011-03-11,"",41.155
2011-03-12,"",29.216
2011-03-13,"",30.243
2011-03-14,"",27.3447652173913
2011-03-29,"",16.922444216571
2011-03-30,"",24.793
2011-03-31,"",15.543
2011-04-01,"",15.81
2011-04-02,"",17.052
2011-04-03,"",11.577
2011-04-04,"",10.6978478943022
2011-04-05,"",13.321
2011-04-06,"",9.3256
2011-04-07,"",12.275
2011-04-08,"",121.104154595196
2011-04-09,"",101.626607004576
2011-04-10,"",44.586
2011-04-11,"",29.0111057176684
2011-05-02,"",34.354
2011-05-03,"",33.3833117754728
2011-05-09,"",29.637
2011-05-15,"",478.877235534775
2011-05-16,"",128.024826809015
2011-05-17,"",46.095
2011-05-18,"",34.668
2011-05-19,"",53.221
2011-05-20,"",46.953
2011-05-21,"",47.77
2011-05-22,"",42.41
2011-05-23,"",146.1
2011-05-24,"",75.419
2011-05-25,"",362.767650165017
2011-05-26,"",414.389530818767
2011-05-27,"",172.241854322305
2011-05-28,"",82.3138871733967
2011-05-29,"",62.4117225317584
2011-05-30,"",91.1605871674491
2011-05-31,"",78.4296551724138
2011-06-01,"",44.9539721715883
2011-06-02,"",27.6411531589024
2011-06-03,"",29.154
2011-06-04,"",35.323
2011-06-05,"",39.011
2011-06-06,"",44.4566329651657
2011-06-07,"",37.803
2011-06-08,"",35.256
2011-06-09,"",39.43
2011-06-10,"",51.605
2011-06-11,"",73.913
2011-06-12,"",50.125
2011-06-13,"",49.5919715704744
2011-06-14,"",46.168
2011-06-20,"",65.0590939947781
2011-06-22,"",138.951014274172
2011-06-23,"",67.6808700716846
2011-07-05,"",53.853
2011-07-11,"",109.66
2011-07-18,"",59.485
2011-07-25,"",56.407
2011-08-01,"",67.6
2011-08-08,"",41.666
2011-08-15,"",62.91
2011-08-22,"",52.083
2011-09-05,"",57.979
2011-09-09,"",44.943
2011-09-10,"",41.7761959007551
2011-09-12,"",83.603
2011-09-19,"",48.469
2011-09-26,"",45.955
2011-09-27,"",70.717
2011-09-28,"",66.532
2011-09-29,"",70.2049268268268
2011-09-30,"",75.0474575497045
2011-10-01,"",62.7989430823117
2011-10-03,"",26.315
2011-10-10,"",40.16
2011-10-17,"",21.204
2011-10-20,"",115.830922054412
2011-10-21,"",68.7712941977663
2011-10-22,"",45.9630923236862
2011-10-23,"",32.679
2011-10-24,"",32.83230929859
2011-10-31,"",9.7616
2011-11-07,"",12.23
2011-11-13,"",123.67
2011-11-14,"",169.092850302774
2011-11-15,"",98.1357190584662
2011-11-16,"",53.5615659241421
2011-11-17,"",30.5413660691374
2011-11-18,"",16.016
2011-11-19,"",13.06
2011-11-20,"",18.699
2011-11-21,"",20.627
2011-11-22,"",186.3550622598
2011-11-23,"",221.909251213312
2011-11-24,"",131.907219545767
2011-11-25,"",97.688594217348
2011-11-26,"",53.6846144670439
2011-11-27,"",27.287
2011-11-28,"",45.4368565496414
2011-11-29,"",143.65722455404
2011-11-30,"",121.08029710878
2011-12-01,"",119.940680101704
2011-12-02,"",60.830012156793
2011-12-03,"",35.836
2011-12-04,"",31.847
2011-12-05,"",30.8940138489679
2011-12-06,"",38.7459714886349
2011-12-07,"",31.587
2011-12-08,"",25.461
2011-12-09,"",20.408
2011-12-10,"",17.211
2011-12-11,"",13.574
2011-12-12,"",18.8728798539661
2011-12-13,"",20.948
2011-12-14,"",25
2011-12-15,"",111.75
2011-12-16,"",86.747
2011-12-17,"",70.013
2011-12-18,"",42.001
2011-12-19,"",29.318
2011-12-20,"",22.977
2011-12-21,"",23.166
2011-12-22,"",26.833
2011-12-23,"",27.808
2011-12-24,"",20.27
2011-12-25,"",14.705
2011-12-26,"",18.567
2011-12-27,"",19.204
2011-12-28,"",26.42
2011-12-29,"",23.077
2011-12-30,"",28.777
2011-12-31,"",77.201
2012-01-01,"",59.128
2012-01-02,"",35.5519300825206
2012-01-09,"",20.3913722810395
2012-01-10,"",7.8431
2012-01-11,"",6.9868
2012-01-12,"",10.1489678833967
2012-01-16,"",10.0072238775853
2012-01-17,"",237.436574374912
2012-01-18,"",241.152129306737
2012-01-19,"",140.00034411154
2012-01-20,"",77.3191473765432
2012-01-22,"",29.668
2012-01-23,"",42.6798971466767
2012-01-24,"",80.5370091082251
2012-01-25,"",49.3874959979261
2012-01-26,"",29.4234267990074
2012-01-27,"",21.133
2012-01-28,"",41.414
2012-01-29,"",27.173
2012-01-30,"",20.9487610889897
2012-01-31,"",19.277
2012-02-01,"",44.619
2012-02-02,"",48.1285033734233
2012-02-03,"",30.927
2012-02-04,"",22.336
2012-02-05,"",19.466
2012-02-06,"",17.0206925502207
2012-02-07,"",15.799
2012-02-08,"",12.533
2012-02-09,"",11.446
2012-02-10,"",12.658
2012-02-12,"",19.354
2012-02-13,"",11.5879245414847
2012-02-14,"",18.867
2012-02-15,"",10.507
2012-02-16,"",14.084
2012-02-17,"",20.599
2012-02-18,"",19.374
2012-02-19,"",13.774
2012-02-20,"",10.298425253078
2012-02-21,"",8.2644
2012-02-22,"",24.456
2012-02-23,"",30.562
2012-02-24,"",66.1735510676614
2012-02-25,"",78.3587287355231
2012-02-26,"",72.5435407044755
2012-02-27,"",34.0582504561369
2012-02-28,"",29.109
2012-02-29,"",167.458431139083
2012-03-01,"",249.252495309568
2012-03-02,"",164.321477781043
2012-03-03,"",221.486945158526
2012-03-04,"",121.754256825076
2012-03-05,"",66.6050291262136
2012-03-06,"",44.3089618421053
2012-03-07,"",39.20714938328
2012-03-08,"",38.379
2012-03-09,"",46.798
2012-03-10,"",36.686
2012-03-11,"",31.679
2012-03-12,"",27.2502494488723
2012-03-13,"",487.312184730743
2012-03-14,"",414.550242667961
2012-03-15,"",190.683503492746
2012-03-16,"",96.1968177235341
2012-03-17,"",58.724
2012-03-18,"",55.714
2012-03-19,"",59.1260436196153
2012-03-20,"",49.61
2012-03-21,"",43.203
2012-03-22,"",48.283
2012-03-23,"",47.393
2012-03-24,"",262.445385100214
2012-03-25,"",126.908239373755
2012-03-26,"",80.0911286616128
2012-03-27,"",54.7466440975267
2012-03-28,"",39.078
2012-03-29,"",27.746
2012-03-30,"",34.552
2012-03-31,"",22.947
2012-04-01,"",47.904
2012-04-02,"",35.8010417526956
2012-04-03,"",30.624
2012-04-04,"",28.649
2012-04-05,"",30.864
2012-04-06,"",18.849
2012-04-07,"",11.077
2012-04-08,"",28.083
2012-04-09,"",36.293081518597
2012-04-10,"",5.284
2012-04-11,"",35.419
2012-04-13,"",14.075
2012-04-15,"",14.375
2012-04-16,"",32.9421047619048
2012-04-17,"",21.437
2012-04-18,"",29.115
2012-04-21,"",37.854
2012-04-22,"",25.367
2012-04-23,"",15
2012-04-30,"",8.804
2012-05-01,"",31.567
2012-05-02,"",18.801
2012-05-03,"",27.638
2012-05-04,"",20.629
2012-05-05,"",94.1154279569893
2012-05-06,"",30.083
2012-05-07,"",695.462239325665
2012-05-08,"",141.092231464738
2012-05-09,"",63.0305018441497
2012-05-10,"",33
2012-05-11,"",25.837
2012-05-12,"",29.85
2012-05-13,"",33.635
2012-05-14,"",35.943
2012-05-21,"",46.857
2012-05-29,"",41.986
2012-06-04,"",73.871
2012-06-11,"",55.853
2012-06-18,"",50.836
2012-06-25,"",45.4
2012-07-02,"",54.545
2012-07-09,"",41.266
2012-07-16,"",22.058
2012-07-23,"",50.471
2012-07-28,"",214.1
2012-07-30,"",63.3
2012-08-06,"",35.372
2012-08-13,"",51.372
2012-08-20,"",49.242
2012-08-27,"",64.55
2012-09-04,"",42.369
2012-09-10,"",55.53
2012-09-17,"",56.957
2012-09-24,"",40.955
2012-10-01,"",47.007
2012-10-08,"",30.067
2012-10-15,"",38.363
2012-10-22,"",27.123
2012-10-29,"",14.532
2012-11-05,"",5.1348
2012-11-12,"",24.896
2012-11-19,"",3.4344
2012-11-26,"",1.9398
2012-12-03,"",13.864
2012-12-10,"",3.9603
2012-12-17,"",7.6693
2012-12-21,"",33.72
2013-01-07,"",1.9579
2013-01-11,"",180.87
2013-01-12,"",125.326672042391
2013-01-13,"",172.215117123481
2013-01-14,"",147.425261122556
2013-01-15,"",87.0381566940709
2013-01-16,"",49.4160844315187
2013-01-17,"",21.395
2013-01-18,"",13.709
2013-01-21,"",7.3089
2013-01-30,"",92.2818186756038
2013-01-31,"",167.626666666667
2013-02-01,"",119.578185615692
2013-02-02,"",56.6580892173449
2013-02-03,"",36
2013-02-04,"",21.015
2013-02-05,"",23.584
2013-02-06,"",14.9527751937984
2013-02-07,"",8.2116
2013-02-10,"",10.309
2013-02-18,"",9.9248
2013-02-25,"",6.1017
2013-02-26,"",68.577
2013-02-27,"",100.352960118387
2013-02-28,"",74.3259205166637
2013-03-01,"",65.6291398558267
2013-03-02,"",39.7663877008785
2013-03-03,"",24.8710149730485
2013-03-04,"",18.4971407511408
2013-03-05,"",20.79
2013-03-06,"",12.104
2013-03-07,"",15.209
2013-03-08,"",41.8131925782197
2013-03-09,"",64.0067059012187
2013-03-10,"",57.4501953441927
2013-03-11,"",83.9676989055171
2013-03-12,"",166.641660828428
2013-03-13,"",107.48017569933
2013-03-14,"",61.7495584647426
2013-03-15,"",41.5663025830258
2013-03-16,"",31.187350400987
2013-03-17,"",27.985
2013-03-18,"",25.4688350607805
2013-03-19,"",21.0997530423644
2013-03-20,"",16.352
2013-03-21,"",12.254
2013-03-25,"",10.551994698934
2013-03-28,"",12.428
2013-03-29,"",12.849
2013-03-30,"",15.7559736654804
2013-04-01,"",24.896
2013-04-08,"",35.196
2013-04-09,"",26.7607073359073
2013-04-11,"",272.747440045525
2013-04-12,"",140.273989685553
2013-04-13,"",84.9656433080808
2013-04-14,"",55.5699028894847
2013-04-15,"",36.9666151142355
2013-04-16,"",25.031
2013-04-17,"",24.852
2013-04-18,"",118.261101723329
2013-04-19,"",219.678587704723
2013-04-20,"",102.192856846473
2013-04-21,"",96.2755122902848
2013-04-22,"",56.5296733763768
2013-04-23,"",37.037
2013-04-24,"",32.425
2013-04-25,"",39.655
2013-04-26,"",36.053
2013-04-27,"",23.688
2013-04-28,"",21.201
2013-04-29,"",21.8433323082837
2013-04-30,"",28.254
2013-05-01,"",24.844
2013-05-02,"",27.124
2013-05-03,"",25.157
2013-05-04,"",23.809
2013-05-05,"",26.217
2013-05-06,"",27.8558016496075
2013-05-07,"",22.824
2013-05-08,"",19.332
2013-05-09,"",18.726
2013-05-10,"",20.338
2013-05-11,"",18.148
2013-05-12,"",14.492
2013-05-13,"",16.8679613259668
2013-05-14,"",15.643
2013-05-15,"",27.472
2013-05-16,"",20.091
2013-05-20,"",36.945
2013-05-28,"",32.846
2013-06-01,"",673.573765382771
2013-06-02,"",212.144735694823
2013-06-03,"",62.7537649066387
2013-06-04,"",54.0725718810487
2013-06-05,"",48.6401791835463
2013-06-06,"",43.9431495996629
2013-06-07,"",39.4657759727994
2013-06-10,"",47.337
2013-06-13,"",140.202397151465
2013-06-14,"",149.110687837586
2013-06-15,"",51.068
2013-06-16,"",58.224
2013-06-17,"",59.0165190220944
2013-06-18,"",50.8656574299635
2013-06-19,"",39.3555286624204
2013-06-24,"",45.6556903491386
2013-06-25,"",63.583
2013-06-26,"",296.92
2013-06-27,"",365.4675004901
2013-06-28,"",105.329453890778
2013-06-29,"",47.729
2013-06-30,"",96.2511592640022
2013-07-01,"",57.7579528363143
2013-07-02,"",42.9417159219635
2013-07-03,"",42.483
2013-07-04,"",40.971
2013-07-05,"",41.779
2013-07-06,"",84.291
2013-07-07,"",68.4785451866405
2013-07-08,"",78.791795134443
2013-07-09,"",245.46
2013-07-10,"",99.737
2013-07-11,"",75.2929374189364
2013-07-12,"",53.5803929983888
2013-07-13,"",44.943
2013-07-14,"",43.143
2013-07-15,"",35.5953590909091
2013-07-16,"",32.84
2013-07-20,"",127.5
2013-07-22,"",60.7568985879333
2013-07-23,"",54.1783264150943
2013-07-29,"",63.231
2013-08-05,"",35.294
2013-08-12,"",33.989
2013-08-19,"",20.124
2013-08-26,"",33.449
2013-09-03,"",68.953
2013-09-09,"",46.719
2013-09-16,"",47.714
2013-09-24,"",41.152
2013-09-30,"",47.763
2013-10-05,"",147.180411067194
2013-10-07,"",41.1
2013-10-14,"",29.385
2013-10-21,"",25.242
2013-10-28,"",6.04
2013-11-01,"",63.0553996132775
2013-11-02,"",45.7849473081329
2013-11-03,"",32.4399185116851
2013-11-04,"",25.4875246589717
2013-11-11,"",5.4432
2013-11-18,"",26.697
2013-11-25,"",6.9617
2013-12-02,"",4.1322
2013-12-09,"",1.8359
2013-12-16,"",4.7122
2013-12-21,"",151.31
2013-12-22,"",117.03
2013-12-23,"",67.784
2013-12-24,"",47.071
2013-12-25,"",28.011
2013-12-26,"",19.49
2013-12-27,"",15.463
2013-12-28,"",13.274
2014-01-12,"",32.528
2014-01-13,"",28.6222096160498
2014-01-14,"",26.5150665358607
2014-01-15,"",20.5188043626449
2014-01-16,"",15.253521502314
2014-01-17,"",10.9553171177914
2014-02-22,"",35.714
2014-02-23,"",24.011374422188
2014-02-24,"",16.2895763546798
2014-02-25,"",10.596
2014-02-26,"",8.02420169706582
2014-03-11,"",92.592
2014-03-12,"",62.0774586330935
2014-03-13,"",27.4792276510067
2014-03-14,"",14.6370260698475
2014-03-15,"",32.1488318835434
2014-03-16,"",23.9197037037037
2014-03-17,"",22.2330703895463
2014-03-18,"",18.181
2014-03-19,"",20.942
2014-03-20,"",26.966
2014-03-21,"",31.358
2014-03-22,"",21.513
2014-03-23,"",19.23
2014-03-24,"",16.2093796960138
2014-03-25,"",16.92
2014-03-26,"",19.128
2014-03-27,"",19.802
2014-03-28,"",18.786
2014-03-29,"",41.033
2014-03-30,"",33.333
2014-03-31,"",27.5971136919315
2014-04-01,"",24.945
2014-04-02,"",35.714
2014-04-03,"",288.278408102098
2014-04-04,"",261.655061019383
2014-04-05,"",113.471113525092
2014-04-06,"",57.6528480938416
2014-04-07,"",36.5990429682351
2014-04-08,"",45.9775466463994
2014-04-09,"",47.8757941495125
2014-04-10,"",27.533
2014-04-11,"",27.027
2014-04-12,"",27.861
2014-04-13,"",21.293
2014-04-14,"",29.8543678832117
2014-04-21,"",30.152
2014-04-28,"",19.485
2014-05-05,"",27.888
2014-05-09,"",8.4745
2014-05-11,"",24.858
2014-05-12,"",25.5068824940048
2014-05-13,"",21.024
2014-05-17,"",43.9095724137931
2014-05-18,"",29.4632039240913
2014-05-19,"",25.5061100539985
2014-05-20,"",17.9990408896877
2014-05-21,"",15.81
2014-05-22,"",48.1844964470905
2014-06-02,"",29.411
2014-06-09,"",34.069
2014-06-16,"",44.8
2014-06-23,"",76.25
2014-06-30,"",26.9
2014-07-07,"",43.613
2014-07-14,"",60.166
2014-07-21,"",36.909
2014-08-04,"",48.563
2014-08-11,"",79.059
2014-08-25,"",42.427
2014-09-02,"",46.217
2014-09-08,"",49.482
2014-09-15,"",47.374
2014-09-22,"",12.139
2014-09-29,"",49.918
2014-10-06,"",23.563
2014-10-13,"",28.551
2014-10-20,"",24.02
2014-10-27,"",20.853
2014-11-03,"",3.4435
2014-11-10,"",2.5707
2014-11-17,"",2.8182
2014-11-24,"",98.721
2014-12-01,"",5.0287
2014-12-08,"",4.44
2014-12-15,"",8.13
2015-01-05,"",10.8
2015-01-19,"",8.9
2015-01-26,"",7.6
2015-03-16,"",17.9
2015-03-23,"",10.359
2015-03-30,"",10.2
2015-04-06,"",12.033
2015-04-13,"",19.537
2015-04-20,"",36.286
2015-04-27,"",17.2
2015-05-04,"",23.564
2015-05-11,"",18.828
2015-05-18,"",30.5
2015-05-25,"",14.3
2015-06-01,"",109.8
2015-06-08,"",37.974
2015-06-15,"",92.699
2015-06-22,"",39
2015-06-29,"",47.666
2015-07-13,"",26.8
2015-07-20,"",60.674
2015-07-27,"",26.402
2015-08-03,"",43.699
2015-08-10,"",38.383
2015-08-17,"",34.576
2015-08-24,"",46.2
2015-08-31,"",35.61
2015-09-07,"",34.212
2015-09-14,"",38.373
2015-09-21,"",35.6
2015-09-28,"",32.529
2015-10-05,"",22.836
2015-10-12,"",24.024
2015-10-19,"",6.4158
2015-10-26,"",15.616
2015-11-02,"",13.856
2015-11-03,"",21.721
2015-11-04,"",16.949
2015-11-05,"",18.518
2015-11-06,"",18.297
2015-11-07,"",14.705
2015-11-08,"",8.0704
2015-11-09,"",4.78083770296084
2015-11-10,"",6.9102
2015-11-11,"",10.638
2015-11-12,"",13.289
2015-11-13,"",2.8873
2015-11-14,"",2.1567
2015-11-15,"",8.3
2015-11-16,"",5.43713241493776
2015-11-17,"",10.03
2015-11-18,"",11.753
2015-11-19,"",17.964
2015-11-20,"",7.7691
2015-11-22,"",1.95111523012552
2015-11-23,"",0.93024
2015-11-24,"",4.2493
2015-11-25,"",4.1425
2015-11-26,"",2.5839
2015-11-27,"",19.879
2015-11-28,"",12.2779182493807
2015-11-29,"",12.0907175958188
2015-11-30,"",6.66400350194553
2015-12-01,"",6.0443
2015-12-02,"",6.4935
2015-12-03,"",2.3904
2015-12-04,"",5.0687
2015-12-05,"",3.2
2015-12-06,"",2.808
2015-12-07,"",3.16900204883046
2015-12-08,"",2.1413
2015-12-09,"",5.0968
2015-12-10,"",8.1715
2015-12-11,"",6.8093
2015-12-12,"",12.409
2015-12-13,"",13.698
2015-12-14,"",16.0073525590239
2015-12-15,"",22.3
2015-12-16,"",13.8
2015-12-17,"",9.9
2015-12-18,"",7.5
2015-12-19,"",6.4
2015-12-20,"",6.4
2015-12-21,"",7.6
2015-12-22,"",8.1
2015-12-23,"",154.7
2015-12-24,"",83.8
2015-12-25,"",69.8
2015-12-26,"",40.6
2015-12-27,"",58.8
2015-12-28,"",71.9
2015-12-29,"",186.4
2015-12-30,"",110
2015-12-31,"",66
2016-01-01,"",42.2
2016-01-02,"",30.7
2016-01-03,"",17.3
2016-01-04,"",13.602
2016-01-05,"",11.27
2016-01-06,"",9.1743
2016-01-07,"",8.8888
2016-01-08,"",11.506
2016-01-09,"",4.415
2016-01-10,"",31.0582591447707
2016-01-11,"",33.6902322464915
2016-01-12,"",28.0623959634093
2016-01-13,"",11.94
2016-01-14,"",9.5087
2016-01-15,"",11.956
2016-01-16,"",15.401
2016-01-17,"",13.513
2016-01-18,"",7.79441675878842
2016-01-19,"",11.677
2016-01-20,"",5.6625
2016-01-21,"",6.5727
2016-01-22,"",5.5187
2016-01-23,"",4.7449
2016-01-24,"",5.5617
2016-01-25,"",3.49927874084919
2016-01-26,"",4.9
2016-01-27,"",4.8
2016-01-28,"",1.2
2016-01-29,"",2.2
2016-01-30,"",1.2
2016-01-31,"",1
2016-02-01,"",3.67158942131448
2016-02-02,"",66
2016-02-03,"",60.9022003474233
2016-02-04,"",66.2602216223896
2016-02-05,"",31.5
2016-02-06,"",22.4
2016-02-07,"",10.7
2016-02-08,"",10.4056495985727
2016-02-09,"",10.121
2016-02-10,"",6.6162
2016-02-11,"",5.2402
2016-02-12,"",0.85319
2016-02-13,"",3.9762
2016-02-14,"",4.1237
2016-02-15,"",3.12974644250976
2016-02-16,"",1.1013
2016-02-18,"",3.2257
2016-02-19,"",3.138
2016-02-20,"",2.0428
2016-02-21,"",4.3956
2016-02-22,"",10.6837036540396
2016-02-23,"",2.2664
2016-02-24,"",78.812
2016-02-25,"",26.1937779532533
2016-02-26,"",12.82
2016-02-27,"",8.4925
2016-02-28,"",22.398
2016-02-29,"",53.5876037366823
2016-03-01,"",111.951206361156
2016-03-02,"",66.9159824575989
2016-03-03,"",37.8527309413219
2016-03-04,"",24.65
2016-03-05,"",23.352
2016-03-06,"",17.298
2016-03-07,"",20.8270672162334
2016-03-08,"",37.1061484290357
2016-03-09,"",45.8070536370316
2016-03-10,"",36.2410275879524
2016-03-11,"",17.2
2016-03-12,"",34.1
2016-03-13,"",71.7
2016-03-14,"",59.3166672577042
2016-03-15,"",65.4354366523321
2016-03-16,"",43.5857226277372
2016-03-17,"",36.7030295250321
2016-03-18,"",25
2016-03-19,"",26.5
2016-03-20,"",16.2
2016-03-21,"",17.4252723680497
2016-03-22,"",22.012
2016-03-23,"",29.292
2016-03-24,"",265.87
2016-03-25,"",186.351728379566
2016-03-26,"",90.7499267634401
2016-03-27,"",49.45
2016-03-28,"",162.137730022441
2016-03-29,"",91.738227665706
2016-03-30,"",41.5
2016-03-31,"",76.327
2016-04-01,"",102.493627007539
2016-04-02,"",68.7688123409669
2016-04-03,"",39.484
2016-04-04,"",29.2042757565454
2016-04-05,"",28.243
2016-04-06,"",23.864
2016-04-07,"",25.869
2016-04-08,"",22.471
2016-04-09,"",17.269
2016-04-10,"",28.374
2016-04-11,"",40.4155325836333
2016-04-12,"",61.2464559754247
2016-04-13,"",43.3452764887455
2016-04-14,"",31.4878259946125
2016-04-15,"",25.399
2016-04-16,"",28.072
2016-04-17,"",27.95
2016-04-18,"",25.5200634303112
2016-04-19,"",27.027
2016-04-20,"",32.258
2016-04-21,"",36.293
2016-04-22,"",26.261
2016-04-23,"",27.586
2016-04-24,"",33.361
2016-04-25,"",32.8526597866014
2016-04-27,"",64.45
2016-04-28,"",47.802
2016-04-29,"",43.6
2016-04-30,"",26.6125746788009
2016-05-01,"",71.9855876208667
2016-05-02,"",108.980963395878
2016-05-03,"",115.703037085231
2016-05-04,"",68.1885957972806
2016-05-05,"",36.7264137717122
2016-05-06,"",27.75
2016-05-07,"",32.114
2016-05-08,"",28.944
2016-05-09,"",28.8023166744512
2016-05-10,"",28.3
2016-05-11,"",37.7
2016-05-12,"",66.8
2016-05-13,"",265.056957193493
2016-05-14,"",142.502903225806
2016-05-15,"",78.3578846375254
2016-05-16,"",43.6823586662153
2016-05-17,"",38.823
2016-05-18,"",38.626
2016-05-19,"",37.698
2016-05-20,"",44.088
2016-05-21,"",36.649
2016-05-22,"",46.046
2016-05-23,"",32.3442225511302
2016-05-24,"",59.356
2016-05-25,"",39.741
2016-05-26,"",55.143
2016-05-27,"",36.572
2016-05-28,"",36.057
2016-05-29,"",41.794
2016-05-30,"",43.8068508287293
2016-05-31,"",51.054
2016-06-01,"",54.522
2016-06-02,"",63.888
2016-06-03,"",61.117
2016-06-04,"",48.988
2016-06-05,"",307.725674526009
2016-06-06,"",105.554045244216
2016-06-07,"",62.2277647058824
2016-06-08,"",48.2655433211531
2016-06-09,"",45.0402149460709
2016-06-10,"",45.707
2016-06-11,"",53.502
2016-06-12,"",58.241
2016-06-13,"",58.6075257432922
2016-06-14,"",57.458
2016-06-15,"",69.031
2016-06-16,"",60.552
2016-06-17,"",52.137
2016-06-18,"",79.673
2016-06-19,"",49.808
2016-06-20,"",45.512969874477
2016-06-21,"",44.284
2016-06-22,"",55.503
2016-06-23,"",136.442470914127
2016-06-24,"",61.4218258695158
2016-06-25,"",63.578
2016-06-26,"",66.737
2016-06-27,"",379.187026703184
2016-06-28,"",147.888782970847
2016-06-29,"",173.874563374126
2016-06-30,"",70.5478987341772
2016-07-01,"",75.216
2016-07-02,"",82.004
2016-07-03,"",60.422
2016-07-04,"",57.9170594989562
2016-07-05,"",56.338
2016-07-06,"",175.69
2016-07-07,"",61.342
2016-07-08,"",1177.98277713178
2016-07-09,"",190.457113363363
2016-07-10,"",143.591115049952
2016-07-11,"",96.7439013172583
2016-07-12,"",71.06
2016-07-13,"",118.25
2016-07-14,"",83.2888483660131
2016-07-15,"",183.449878444538
2016-07-16,"",83.4910017667844
2016-07-17,"",94.726
2016-07-18,"",76.412864498645
2016-07-19,"",197.14
2016-07-20,"",71.77
2016-07-21,"",83.64
2016-07-22,"",71.428
2016-07-23,"",70.27
2016-07-24,"",356.76
2016-07-25,"",65.4923119584055
2016-07-26,"",96.6265584269663
2016-07-27,"",71.3167145015106
2016-07-28,"",94.339
2016-07-29,"",88.621
2016-07-30,"",81.048
2016-07-31,"",207.145060402685
2016-08-01,"",108.388518454565
2016-08-08,"",47.4
2016-08-15,"",87.667
2016-08-16,"",79.8039659143252
2016-08-17,"",83.892
2016-08-18,"",78.0763448723496
2016-08-19,"",89.0021253435954
2016-08-20,"",61.366
2016-08-21,"",72.231
2016-08-22,"",70.0037736625515
2016-08-23,"",74.275
2016-08-24,"",81.353
2016-08-25,"",58.861
2016-08-26,"",48.8
2016-08-27,"",99.799
2016-08-28,"",83.0868614008942
2016-08-29,"",82.7367105531049
2016-08-30,"",83.679
2016-08-31,"",81.1
2016-09-01,"",86.471
2016-09-02,"",100.8
2016-09-03,"",76.219
2016-09-04,"",71.428
2016-09-05,"",63.8908257309942
2016-09-06,"",63.02
2016-09-07,"",62.717
2016-09-08,"",51.49
2016-09-09,"",52.14
2016-09-10,"",97.4794186046512
2016-09-11,"",124.153630354537
2016-09-12,"",64.742751181315
2016-09-13,"",72.713
2016-09-14,"",63.122
2016-09-15,"",75.868
2016-09-16,"",77.209
2016-09-17,"",85.485
2016-09-18,"",75.365
2016-09-19,"",59.7101353383459
2016-09-20,"",54.621
2016-09-21,"",63.114
2016-09-22,"",51.231
2016-09-23,"",60.074
2016-09-24,"",53.228
2016-09-25,"",61.099
2016-09-26,"",61.5977210300429
2016-09-27,"",49.331
2016-09-28,"",108.51
2016-09-29,"",87.706
2016-09-30,"",83.2199730167296
2016-10-01,"",83.6298321494343
2016-10-02,"",81.3207869283065
2016-10-03,"",61.4857960759758
2016-10-04,"",60.886
2016-10-05,"",61.567
2016-10-06,"",51.005
2016-10-07,"",64.471
2016-10-08,"",58.507
2016-10-09,"",45.936
2016-10-10,"",34.7789790356394
2016-10-11,"",49.455
2016-10-12,"",46.475
2016-10-13,"",47.272
2016-10-14,"",51.705
2016-10-15,"",33.189
2016-10-16,"",46.296
2016-10-17,"",56.0653387755102
2016-10-18,"",56.6
2016-10-19,"",40.8
2016-10-20,"",52.293966282165
2016-10-21,"",49.1963985594238
2016-10-22,"",55.4066355762825
2016-10-23,"",42.3094738084002
2016-10-24,"",30.9939224137931
2016-10-25,"",23.861
2016-10-26,"",25.802
2016-10-27,"",27.5052047619048
2016-10-28,"",102.927350347535
2016-10-29,"",71.5861654135338
2016-10-30,"",46.165
2016-10-31,"",42.0149825354748
2016-11-01,"",38.596
2016-11-02,"",29.9404520592021
2016-11-03,"",51.7547821881254
2016-11-04,"",109.924356345577
2016-11-05,"",55.2576032221806
2016-11-06,"",33.242
2016-11-07,"",27.2598171485543
2016-11-08,"",20.563
2016-11-09,"",17.889
2016-11-10,"",13.116
2016-11-11,"",20.421
2016-11-12,"",9.5602
2016-11-13,"",6.9875
2016-11-14,"",5.6032130223518
2016-11-15,"",19.872
2016-11-16,"",22.594
2016-11-17,"",25.252
2016-11-18,"",311.29
2016-11-19,"",36.067
2016-11-20,"",9.0615
2016-11-21,"",7.083
2016-11-22,"",4.5697
2016-11-23,"",7.8999
2016-11-24,"",9.9535
2016-11-25,"",18.641
2016-11-26,"",19.204
2016-11-27,"",16.512
2016-11-28,"",10.1377197556008
2016-11-29,"",97.0291478300181
2016-11-30,"",134.219086795719
2016-12-01,"",81.3835426104548
2016-12-02,"",38.304
2016-12-03,"",27.522
2016-12-04,"",19.417
2016-12-05,"",12.5777784836066
2016-12-06,"",3.2921
2016-12-07,"",8.5246
2016-12-08,"",12.406
2016-12-09,"",8.6092
2016-12-10,"",12.727
2016-12-11,"",11.194
2016-12-12,"",9.17854228991025
2016-12-13,"",6.47831017862206
2016-12-14,"",9.00569015336741
2016-12-15,"",3.2
2016-12-16,"",4
2016-12-17,"",5.4
2016-12-18,"",3.4
2016-12-19,"",2.4135199138859
2016-12-20,"",5.7
2016-12-21,"",3.5
2016-12-22,"",2.4
2016-12-23,"",4.6
2016-12-24,"",3.5
2016-12-25,"",2.6
2016-12-26,"",216.1
2016-12-27,"",177.4
2016-12-28,"",125.4
2016-12-29,"",72
2016-12-30,"",34.9
2016-12-31,"",31.9
2017-01-01,"",26.1
2017-01-02,"",23.9
2017-01-03,"",67
2017-01-04,"",130.1
2017-01-05,"",61.4
2017-01-06,"",26.5
2017-01-07,"",14.7
2017-01-08,"",13.4
2017-01-10,"",14.234
2017-01-11,"",41.752
2017-01-12,"",279.613326359833
2017-01-13,"",274.714267453294
2017-01-14,"",121.835057815846
2017-01-15,"",55.505
2017-01-16,"",38.7088361111111
2017-01-17,"",77.445443103921
2017-01-18,"",126.136054750403
2017-01-19,"",58.571
2017-01-20,"",42.302
2017-01-21,"",39.843
2017-01-22,"",29.7105859916782
2017-01-23,"",22.4704629898403
2017-01-24,"",24.373
2017-01-25,"",22.471
2017-01-26,"",25.36
2017-01-27,"",19.774
2017-01-28,"",18.079
2017-01-29,"",13.456
2017-01-30,"",15.6329438959411
2017-01-31,"",11.843
2017-02-01,"",10.252
2017-02-02,"",12.363
2017-02-03,"",8.9686
2017-02-04,"",6.605
2017-02-05,"",9.5108
2017-02-06,"",10.0244726053994
2017-02-07,"",164.910071662391
2017-02-08,"",226.929158721256
2017-02-09,"",164.539667081518
2017-02-10,"",81.0063667711599
2017-02-11,"",43.0420497466605
2017-02-12,"",27.902
2017-02-13,"",28.6920375483158
2017-02-14,"",29.87
2017-02-15,"",14.419
2017-02-16,"",21.707
2017-02-17,"",16.042
2017-02-18,"",26
2017-02-19,"",19.621
2017-02-20,"",18.8039184093953
2017-02-21,"",21.176
2017-02-22,"",21.419
2017-02-23,"",28.517
2017-02-24,"",30.579
2017-02-25,"",36.5882900877756
2017-02-26,"",36.7611836927571
2017-02-27,"",33.8463071071071
2017-02-28,"",32.6
2017-03-01,"",411.250628594696
2017-03-02,"",606.130248212032
2017-03-03,"",205.72604135451
2017-03-04,"",111.416417189763
2017-03-05,"",51.6
2017-03-06,"",45.8208722566123
2017-03-07,"",39.473
2017-03-08,"",47.138
2017-03-09,"",49.868
2017-03-10,"",33.333
2017-03-11,"",19.591
2017-03-12,"",8.4615
2017-03-13,"",8.584688750648
2017-03-14,"",6.2893
2017-03-15,"",8.071
2017-03-16,"",8.5803
2017-03-17,"",7.1942
2017-03-18,"",9.5658
2017-03-19,"",11.985
2017-03-20,"",10.8797980369951
2017-03-21,"",20.2
2017-03-22,"",27.2
2017-03-23,"",19.4
2017-03-24,"",25.3
2017-03-25,"",31.4
2017-03-26,"",105.015813723877
2017-03-27,"",77.775957514847
2017-03-28,"",37.174
2017-03-29,"",39.402
2017-03-30,"",304.319364435429
2017-03-31,"",332.784857671835
2017-04-01,"",168.807753486619
2017-04-02,"",98.9111123152709
2017-04-03,"",51.3942950384717
2017-04-04,"",36.607
2017-04-05,"",64.805
2017-04-06,"",311.603019411586
2017-04-07,"",229.904
2017-04-08,"",185.096763347298
2017-04-09,"",48.634
2017-04-10,"",44.9726233269598
2017-04-11,"",38.6
2017-04-12,"",84.6
2017-04-13,"",58.8
2017-04-14,"",49.9
2017-04-15,"",50.8
2017-04-16,"",55
2017-04-17,"",47.3054123144585
2017-04-18,"",45.65
2017-04-19,"",46.257
2017-04-20,"",199.235880866426
2017-04-21,"",302.577871038594
2017-04-22,"",104.450790139907
2017-04-23,"",55.605
2017-04-24,"",44.6480388007055
2017-04-25,"",48.899
2017-04-26,"",41.392
2017-04-27,"",34.348
2017-04-28,"",37.308
2017-04-29,"",42.04
2017-04-30,"",69.2970864618885
2017-05-01,"",102.137041787918
2017-05-02,"",97.068138682181
2017-05-03,"",69.695
2017-05-04,"",118.42
2017-05-05,"",123.707988793276
2017-05-06,"",75.6514681440443
2017-05-07,"",42.883
2017-05-08,"",31.5361375348189
2017-05-09,"",27.933
2017-05-10,"",27.29
2017-05-11,"",58.742
2017-05-12,"",56.802
2017-05-13,"",45.165
2017-05-14,"",41.095
2017-05-15,"",39.7066266499521
2017-05-16,"",38.508
2017-05-17,"",38.799
2017-05-18,"",34.898
2017-05-19,"",38.088
2017-05-20,"",47.058
2017-05-21,"",44.943
2017-05-22,"",32.3800209944751
2017-05-23,"",117.145819449826
2017-05-24,"",57.0429249230769
2017-05-25,"",84.2974701740661
2017-05-26,"",46.6390931728574
2017-05-27,"",80.155
2017-05-28,"",65.113
2017-05-29,"",69.529
2017-05-30,"",280.162404400209
2017-05-31,"",114.319706646862
2017-06-01,"",75.892
2017-06-02,"",87.473
2017-06-03,"",65.498
2017-06-04,"",68.15
2017-06-05,"",50.9942282150064
2017-06-06,"",63.662
2017-06-07,"",58.177
2017-06-08,"",59.971
2017-06-09,"",60.475
2017-06-10,"",57.717
2017-06-11,"",59.973
2017-06-12,"",49.6684150753769
2017-06-13,"",59.455
2017-06-14,"",98.414
2017-06-15,"",101.94
2017-06-16,"",67.128
2017-06-17,"",71.521
2017-06-18,"",69.703
2017-06-19,"",57.8392798206278
2017-06-20,"",151.86
2017-06-21,"",94.151
2017-06-22,"",76.062
2017-06-23,"",90.361
2017-06-24,"",100.454869341894
2017-06-25,"",64.986
2017-06-26,"",75.0019442410589
2017-06-27,"",74.884
2017-06-28,"",67.6687828947369
2017-06-29,"",68.9266134215501
2017-06-30,"",116.416911633442
2017-07-01,"",91.909656
2017-07-02,"",72.327
2017-07-03,"",61.8216073911453
2017-07-04,"",85
2017-07-05,"",79.1
2017-07-06,"",75.8
2017-07-07,"",96.3
2017-07-08,"",68.9
2017-07-09,"",74.7
2017-07-10,"",358.455531877109
2017-07-11,"",277.940489675309
2017-07-12,"",166.295932415519
2017-07-13,"",167.143074792244
2017-07-14,"",81.3844306049822
2017-07-15,"",51.7427286356822
2017-07-16,"",40.6
2017-07-17,"",36.9168851737791
2017-07-18,"",29.5037513492675
2017-07-19,"",59.633
2017-07-20,"",67.828
2017-07-21,"",63.677
2017-07-22,"",86.117
2017-07-23,"",81.151
2017-07-24,"",60.496912
2017-07-31,"",81.784
2017-08-01,"",60.627
2017-08-02,"",49.18
2017-08-03,"",49.54
2017-08-04,"",67.673
2017-08-05,"",65.78
2017-08-06,"",63.949
2017-08-07,"",64.7126666666667
2017-08-08,"",55.517
2017-08-09,"",49.228
2017-08-10,"",50.162
2017-08-11,"",57.441
2017-08-12,"",51.665
2017-08-13,"",54.324
2017-08-14,"",48.6102935153584
2017-08-15,"",53.571
2017-08-16,"",52.296
2017-08-17,"",65.323
2017-08-18,"",58.615
2017-08-19,"",67.602
2017-08-20,"",54.398
2017-08-21,"",58.3791641705069
2017-08-22,"",54.671
2017-08-23,"",72.473
2017-08-24,"",63.799
2017-08-25,"",57.182
2017-08-26,"",77.027
2017-08-27,"",53.595
2017-08-28,"",57.0578270676692
2017-08-29,"",62.078
2017-08-30,"",70.365
2017-08-31,"",70.344
2017-09-01,"",70.943
2017-09-02,"",90.727
2017-09-03,"",66.064
2017-09-04,"",70.893
2017-09-05,"",101.495
2017-09-06,"",58.3
2017-09-07,"",47.5
2017-09-08,"",50.5
2017-09-09,"",52.3
2017-09-10,"",34.4
2017-09-11,"",36.352
2017-09-12,"",54.123
2017-09-13,"",45.107
2017-09-14,"",39.09
2017-09-15,"",51.212
2017-09-16,"",59.431
2017-09-17,"",44.901
2017-09-18,"",46.883
2017-09-19,"",87.95
2017-09-20,"",66.132
2017-09-21,"",41.465
2017-09-22,"",42.735
2017-09-23,"",45.54
2017-09-24,"",46.703
2017-09-25,"",43.3042059270517
2017-09-26,"",42.511
2017-09-27,"",43.65
2017-09-28,"",52.275
2017-09-29,"",50.754
2017-09-30,"",36.542
2017-10-01,"",36.221
2017-10-02,"",31.9297557775459
2017-10-03,"",32.298
2017-10-04,"",36.912
2017-10-05,"",29.81
2017-10-06,"",45.254
2017-10-07,"",46.143
2017-10-08,"",41.947
2017-10-09,"",40.5375920271416
2017-10-10,"",43.78
2017-10-12,"",45.851
2017-10-13,"",112.38
2017-10-14,"",45.245
2017-10-15,"",30.12
2017-10-16,"",36.4326165508528
2017-10-17,"",36.101
2017-10-18,"",23.054
2017-10-19,"",22.649
2017-10-20,"",27.192
2017-10-21,"",30.428
2017-10-22,"",31.161
2017-10-23,"",33.5430639245203
2017-10-24,"",32.2
2017-10-25,"",27.2
2017-10-26,"",15.8
2017-10-27,"",19.5
2017-10-28,"",12.3
2017-10-29,"",14.3
2017-10-30,"",8.24312916666667
2017-10-31,"",3.3047
2017-11-01,"",1.9072
2017-11-02,"",9.1562
2017-11-03,"",45.1837394540943
2017-11-04,"",135.194485843715
2017-11-05,"",103.603751046855
2017-11-06,"",220.905587730753
2017-11-07,"",189.817737849779
2017-11-08,"",129.586472851646
2017-11-09,"",76.9154133099825
2017-11-10,"",56.7167791292085
2017-11-11,"",34.741
2017-11-12,"",26.874
2017-11-13,"",22.2249290780142
2017-11-14,"",21.97
2017-11-15,"",19.169
2017-11-16,"",19.607
2017-11-17,"",32.932
2017-11-18,"",198.59
2017-11-19,"",152.600299120235
2017-11-20,"",106.109492074314
2017-11-21,"",79.4036393588602
2017-11-22,"",43.5849491023505
2017-11-23,"",31.5172369809589
2017-11-24,"",23.24
2017-11-25,"",26.603
2017-11-26,"",24.584
2017-11-27,"",17.8293019037963
2017-11-28,"",18.855
2017-11-29,"",18.991
2017-11-30,"",17.751
2017-12-01,"",9.9272
2017-12-02,"",9.8661
2017-12-03,"",9.3583
2017-12-04,"",25.6697447074293
2017-12-05,"",12.853
2017-12-06,"",8.4269
2017-12-07,"",7.4274
2017-12-08,"",5.2424
2017-12-09,"",6.2197
2017-12-10,"",4.6573
2017-12-11,"",5.12764512091038
2017-12-12,"",5.305
2017-12-13,"",2.5756
2017-12-14,"",5.1513
2017-12-15,"",5.0409
2017-12-16,"",3.8784
2017-12-17,"",3.9113
2017-12-18,"",4.673504315197
2017-12-19,"",5.1
2017-12-20,"",5.8
2017-12-21,"",4.4
2017-12-22,"",6.7
2017-12-23,"",6
2017-12-24,"",6.2
2017-12-25,"",5.3
2017-12-26,"",3.9
2017-12-27,"",5.2
2017-12-28,"",3.2
2017-12-30,"",1.3
2018-01-01,"",1.3
2018-01-02,"",0.7
2018-01-03,"",1.2
2018-01-04,"",1.2
2018-01-05,"",1.9
2018-01-06,"",2
2018-01-07,"",3.3
2018-01-11,"",27.301
2018-01-12,"",29.5472579869202
2018-01-13,"",32.9554094655677
2018-01-14,"",25.5711936173541
2018-01-15,"",17.4182014742015
2018-01-16,"",11.273
2018-01-17,"",3.75
2018-01-18,"",8.4856
2018-01-19,"",5.5384
2018-01-20,"",5.3583
2018-01-21,"",5.0761
2018-01-22,"",18.7258118999033
2018-01-23,"",87.9314354938911
2018-01-24,"",94.7911467474716
2018-01-25,"",50.6446557322608
2018-01-26,"",23.888
2018-01-27,"",19.974
2018-01-28,"",17.038
2018-01-29,"",14.1317499568594
2018-01-30,"",11.692
2018-01-31,"",15.523
2018-02-01,"",11.699
2018-02-02,"",7.8313
2018-02-03,"",6.2578
2018-02-04,"",5.2493
2018-02-05,"",4.7224020316403
2018-02-06,"",5.089
2018-02-07,"",1.3201
2018-02-09,"",1.8281
2018-02-10,"",1.1648
2018-02-11,"",2.1156
2018-02-12,"",3.46630925052411
2018-02-13,"",4.1
2018-02-14,"",6.2
2018-02-15,"",132.804513064133
2018-02-16,"",134.217621857923
2018-02-17,"",85.7364622301541
2018-02-18,"",51.7
2018-02-19,"",101.50908291181
2018-02-20,"",189.933630494928
2018-02-21,"",384.143884381339
2018-02-22,"",259.862483092475
2018-02-23,"",72.9676623471704
2018-02-24,"",59.8
2018-02-25,"",25.3
2018-02-26,"",27.0315146119342
2018-02-27,"",28.074
2018-02-28,"",27.684
2018-03-01,"",179.65
2018-03-02,"",168.30473540146
2018-03-03,"",123.979472841319
2018-03-04,"",75.3787610677944
2018-03-05,"",41.0309317269076
2018-03-06,"",29.653
2018-03-07,"",29.85
2018-03-08,"",27.5
2018-03-09,"",26.702
2018-03-10,"",25.456
2018-03-11,"",25.523
2018-03-12,"",23.0152535845965
2018-03-13,"",18.686
2018-03-14,"",19.053
2018-03-15,"",18.384
2018-03-16,"",14.492
2018-03-17,"",14.341
2018-03-18,"",14.8
2018-03-19,"",21.3593818582531
2018-03-20,"",14.631
2018-03-21,"",13.831
2018-03-22,"",8.8862
2018-03-23,"",13.609
2018-03-24,"",14.934
2018-03-25,"",9.8683
2018-03-26,"",8.40676885479843
2018-03-27,"",33.771
2018-03-28,"",25.198
2018-03-29,"",44.1593940032214
2018-03-30,"",96.0309179052886
2018-03-31,"",69.4098173115506
2018-04-01,"",35.874
2018-04-02,"",24.3580477365474
2018-04-03,"",19.68
2018-04-04,"",306.216475048356
2018-04-05,"",205.665549206349
2018-04-06,"",102.43980179704
2018-04-07,"",55.1508591654247
2018-04-08,"",34.165
2018-04-09,"",30.9865090546129
2018-04-10,"",25.559
2018-04-11,"",20.625
2018-04-12,"",23.914
2018-04-13,"",25.506
2018-04-14,"",58.5401644284311
2018-04-15,"",134.657144406242
2018-04-16,"",107.442397372742
2018-04-17,"",77.3189495798319
2018-04-18,"",52.59402143951
2018-04-19,"",30.598
2018-04-20,"",25.933
2018-04-21,"",26.52
2018-04-22,"",26.451
2018-04-23,"",28.0248505970564
2018-04-24,"",24.982
2018-04-25,"",21.386
2018-04-26,"",22.657
2018-04-27,"",34.548
2018-04-28,"",22.383
2018-04-29,"",18.459
2018-04-30,"",20.7446047883808
2018-05-01,"",20.473
2018-05-02,"",19.2081751527495
2018-05-03,"",444.996670727993
2018-05-04,"",166.344677187948
2018-05-05,"",94.1608931185944
2018-05-07,"",31.3210537724052
2018-05-08,"",31.746
2018-05-09,"",33.571
2018-05-10,"",31.42
2018-05-11,"",36.798
2018-05-12,"",33.7
2018-05-13,"",121.082459339386
2018-05-14,"",377.173304312614
2018-05-15,"",155.972141160502
2018-05-16,"",93.3543017206883
2018-05-17,"",59.3714672216441
2018-05-18,"",32.3
2018-05-19,"",25.3
2018-05-20,"",28.6
2018-05-21,"",42.019373192436
2018-05-22,"",54.334
2018-05-23,"",151.05
2018-05-24,"",60.848
2018-05-25,"",38.759
2018-05-26,"",37.462
2018-05-27,"",78.838
2018-05-28,"",52.5725437086654
2018-05-29,"",53.469
2018-05-30,"",50.264
2018-05-31,"",107.565866638171
2018-06-01,"",177.549044172129
2018-06-02,"",48.914578313253
2018-06-03,"",44.529
2018-06-04,"",38.8732803910718
2018-06-05,"",42.801
2018-06-06,"",39.65
2018-06-07,"",41.944
2018-06-08,"",42.125
2018-06-09,"",47.715
2018-06-10,"",69.3935873684211
2018-06-11,"",98.2001501526672
2018-06-12,"",61.0470408567537
2018-06-13,"",72.1762587614018
2018-06-14,"",83.8079657805234
2018-06-15,"",48.7462246395806
2018-06-16,"",52.179
2018-06-17,"",54.108
2018-06-18,"",44.5193003051517
2018-06-19,"",58.7
2018-06-20,"",62.7
2018-06-21,"",69.6
2018-06-22,"",66.7195833333333
2018-06-23,"",180.322656668452
2018-06-24,"",131.069484240688
2018-06-25,"",75.4407919099843
2018-06-26,"",62.2
2018-06-27,"",58.9
2018-06-28,"",51.4
2018-06-29,"",52.4
2018-06-30,"",48.1
2018-07-01,"",64.4
2018-07-02,"",44.200037619315
2018-07-03,"",53.45
2018-07-04,"",56.01
2018-07-05,"",48.064
2018-07-06,"",52.329
2018-07-07,"",56.578
2018-07-08,"",57.577
2018-07-09,"",57.0363855421687
2018-07-10,"",57.336
2018-07-11,"",56.93
2018-07-12,"",55.134
2018-07-13,"",56.818
2018-07-14,"",46.645
2018-07-15,"",51.841
2018-07-16,"",42.8826666666667
2018-07-17,"",47
2018-07-18,"",48.1
2018-07-19,"",56.3
2018-07-20,"",56.4
2018-07-21,"",67.7411764705882
2018-07-22,"",63.221897810219
2018-07-23,"",58.024306122449
2018-07-24,"",62.082
2018-07-25,"",64.446
2018-07-26,"",73.267
2018-07-27,"",58.389
2018-07-28,"",60.917
2018-07-29,"",57.312
2018-07-30,"",60.2844558823529
2018-07-31,"",53.2
2018-08-01,"",95
2018-08-02,"",52.6
2018-08-03,"",55.4
2018-08-04,"",55.3
2018-08-05,"",54.1
2018-08-06,"",43.2837540540541
2018-08-07,"",178.081308451573
2018-08-08,"",109.268362617774
2018-08-09,"",68.1302307692308
2018-08-10,"",63.263
2018-08-11,"",80.221
2018-08-12,"",181.5
2018-08-13,"",70.796
2018-08-21,"",76.6904251655629
2018-08-22,"",70.6362225427571
2018-08-23,"",56.4035007824726
2018-08-24,"",57.5963691588785
2018-08-25,"",125.69
2018-08-26,"",90.548
2018-08-27,"",56.0142937710438
2018-08-28,"",61.688
2018-08-29,"",64.796
2018-08-30,"",67.752
2018-08-31,"",61.589
2018-09-01,"",52.851
2018-09-02,"",58.035
2018-09-03,"",49.9068970588235
2018-09-04,"",54.945
2018-09-05,"",40.973
2018-09-06,"",46.71
2018-09-07,"",74.428
2018-09-08,"",49.673
2018-09-09,"",46.854
2018-09-10,"",33.0049336099585
2018-09-11,"",35.514
2018-09-12,"",39.268
2018-09-13,"",35.226
2018-09-14,"",40.295
2018-09-15,"",45.801
2018-09-16,"",37.396
2018-09-17,"",38.0209930795848
2018-09-18,"",34.329
2018-09-19,"",33.7
2018-09-20,"",34.822
2018-09-21,"",33.657
2018-09-22,"",38.383
2018-09-23,"",34.7
2018-09-24,"",29.32525
2018-09-25,"",46.984
2018-09-26,"",55.720506231199
2018-09-27,"",41.8538754547999
2018-09-28,"",36.842
2018-09-29,"",23.404
2018-09-30,"",51.165
2018-10-01,"",35.1945274725275
2018-10-02,"",35.033
2018-10-03,"",30.987
2018-10-04,"",35.618
2018-10-05,"",50.533
2018-10-06,"",46.6640049751244
2018-10-07,"",46.9410714084109
2018-10-08,"",68.8219712584785
2018-10-09,"",48.7673521100226
2018-10-10,"",30.2434362795478
2018-10-11,"",31.186
2018-10-12,"",24.611
2018-10-13,"",17.43
2018-10-14,"",12.554
2018-10-15,"",16.5137589098532
2018-10-16,"",9.2105
2018-10-17,"",7.7973
2018-10-18,"",5.5671
2018-10-19,"",9.1463
2018-10-20,"",27.853
2018-10-21,"",8.7527
2018-10-22,"",5.17479116945107
2018-10-23,"",2.0746
2018-10-24,"",3.2258
2018-10-25,"",4.5161
2018-10-26,"",5.6425
2018-10-27,"",6.6137
2018-10-28,"",5.7678
2018-10-29,"",5.39843962962963
2018-10-30,"",8.3333
2018-10-31,"",12.2
2018-11-01,"",58.4675460955863
2018-11-02,"",67.5424384839435
2018-11-03,"",66.7178678500986
2018-11-04,"",63.027
2018-11-05,"",36.6746638125282
2018-11-06,"",22.13
2018-11-07,"",19.354
2018-11-08,"",17.049
2018-11-09,"",11.125
2018-11-10,"",5.1579
2018-11-11,"",6.1058
2018-11-12,"",6.84137103299293
2018-11-13,"",6.9
2018-11-14,"",5.3
2018-11-15,"",7.1
2018-11-16,"",3.9
2018-11-17,"",6.4
2018-11-18,"",4.5
2018-11-19,"",9.6
2018-11-20,"",11.7
2018-11-21,"",11.1
2018-11-22,"",7.5
2018-11-23,"",5.1
2018-11-24,"",11.2
2018-11-25,"",19.8
2018-11-26,"",136.582286857495
2018-11-27,"",135.387068546427
2018-11-28,"",82.3
2018-11-29,"",43.3
2018-11-30,"",28.5
2018-12-01,"",21.1
2018-12-02,"",72.1639307081688
2018-12-03,"",76.1453281065406
2018-12-04,"",54.1833241455347
2018-12-05,"",30.3053475935829
2018-12-06,"",19.2
2018-12-07,"",11.7
2018-12-08,"",12.2
2018-12-09,"",12.2
2018-12-10,"",9.27832962688411
2018-12-11,"",11.7
2018-12-12,"",8.1
2018-12-13,"",7.5
2018-12-14,"",6.7
2018-12-15,"",7
2018-12-16,"",10.3
2018-12-17,"",6.09586854460094
2018-12-18,"",5.6
2018-12-19,"",6.7
2018-12-20,"",7.3
2018-12-21,"",26.6
2018-12-22,"",54
2018-12-23,"",38.4
2018-12-24,"",22.3
2018-12-25,"",12.3
2018-12-26,"",11.1
2018-12-27,"",7.6
2018-12-28,"",66.6
2018-12-29,"",89.1
2018-12-30,"",52.7
2018-12-31,"",23.2
2019-01-01,"",336.8
2019-01-02,"",156.6
2019-01-03,"",98.4
2019-01-04,"",54.9
2019-01-05,"",44
2019-01-06,"",35.6
2019-01-07,"",21.7029120879121
2019-01-08,"",23.427
2019-01-09,"",21.602
2019-01-10,"",12.613
2019-01-11,"",11.651
2019-01-12,"",11.813
2019-01-13,"",12.104
2019-01-14,"",30.4222320195627
2019-01-15,"",6.8
2019-01-16,"",6.8
2019-01-17,"",7.2
2019-01-18,"",7.6
2019-01-19,"",5.5
2019-01-20,"",7.6
2019-01-21,"",6.5
2019-01-22,"",4.6
2019-01-23,"",52.4961541711809
2019-01-24,"",29.9934451793437
2019-01-25,"",21.4033233375363
2019-01-26,"",18.0818023019634
2019-01-27,"",11.162
2019-01-28,"",8.25552069082865
2019-01-29,"",5.6859
2019-01-30,"",21.419
2019-01-31,"",27.246
2019-02-04,"",45.3
2019-02-05,"",76.8338151968618
2019-02-06,"",109.245094850949
2019-02-07,"",71.3263048378707
2019-02-08,"",56.2249843456481
2019-02-09,"",29.4
2019-02-10,"",24
2019-02-11,"",27.8015392381827
2019-02-12,"",20.491
2019-02-13,"",24.112
2019-02-14,"",24.278
2019-02-15,"",29.49
2019-02-16,"",41.257
2019-02-17,"",25.862
2019-02-18,"",17.0558618402874
2019-02-19,"",12.154
2019-02-20,"",12.125
2019-02-21,"",15.282
2019-02-22,"",26.56
2019-02-23,"",26.502
2019-02-24,"",127.970653431711
2019-02-25,"",251.840640379124
2019-02-26,"",174.9
2019-02-27,"",71.8
2019-02-28,"",35.7
2019-03-01,"",29.8
2019-03-02,"",24.3
2019-03-03,"",17.7
2019-03-04,"",16.3732364511108
2019-03-05,"",12.837
2019-03-06,"",9.3659
2019-03-07,"",10.652
2019-03-08,"",10.482
2019-03-09,"",9.6463
2019-03-10,"",515.521727276372
2019-03-11,"",294.335422517862
2019-03-12,"",158.463826625387
2019-03-13,"",103.775971322849
2019-03-14,"",107.011448330526
2019-03-15,"",222.683901955228
2019-03-16,"",108.406834155204
2019-03-17,"",68.3423001392758
2019-03-18,"",39.9858692779613
2019-03-19,"",44.685
2019-03-20,"",30.303
2019-03-21,"",31.396
2019-03-22,"",28.401
2019-03-23,"",22.092
2019-03-24,"",22.531
2019-03-25,"",16.9826016071705
2019-03-26,"",16.472
2019-03-27,"",16.26
2019-03-28,"",16.606
2019-03-29,"",22.651
2019-03-30,"",110.781017660044
2019-03-31,"",131.78128948131
2019-04-01,"",77.3517124113475
2019-04-02,"",50.7
2019-04-03,"",31.4
2019-04-04,"",30.1
2019-04-05,"",24.5
2019-04-06,"",28.5
2019-04-07,"",29.8
2019-04-08,"",24.3349576966382
2019-04-09,"",23.024
2019-04-10,"",22.576
2019-04-11,"",24.113
2019-04-12,"",15.68
2019-04-13,"",20.488
2019-04-14,"",26.865
2019-04-15,"",15.5957493695965
2019-04-16,"",27.6
2019-04-17,"",26.8
2019-04-18,"",23
2019-04-19,"",58.0828341855369
2019-04-20,"",87.8486247504177
2019-04-21,"",133.800139340455
2019-04-22,"",73.8891656662665
2019-04-23,"",51.3828854314003
2019-04-24,"",31.4
2019-04-25,"",27.7
2019-04-26,"",76.5712451478053
2019-04-27,"",81.1404886561955
2019-04-28,"",61.9699001426533
2019-04-29,"",53.9922333559783
2019-04-30,"",45.7437450311182
2019-05-01,"",69.1705730027548
2019-05-02,"",149.813075801749
2019-05-03,"",158.354731194814
2019-05-04,"",87.1540814216478
2019-05-05,"",43.598
2019-05-06,"",31.2240866666667
2019-05-07,"",28.732
2019-05-08,"",33.602
2019-05-09,"",35.221
2019-05-10,"",37.893
2019-05-11,"",39.867
2019-05-12,"",33.355
2019-05-13,"",30.0361053814459
2019-05-14,"",27.883
2019-05-15,"",24.607
2019-05-16,"",25.37
2019-05-17,"",376.906378351037
2019-05-18,"",131.843800738007
2019-05-19,"",68.0800475129918
2019-05-20,"",76.0657136777397
2019-05-21,"",79.301
2019-05-22,"",43.75
2019-05-23,"",52.049
2019-05-24,"",54.017
2019-05-25,"",47.945
2019-05-26,"",40.026
2019-05-27,"",38.587
2019-05-28,"",67.9804887261515
2019-05-29,"",347.279664268585
2019-05-30,"",99.9823319292334
2019-05-31,"",194.901673881674
2019-06-01,"",85.9820533584432
2019-06-02,"",341.623982050071
2019-06-03,"",113.164127468582
2019-06-04,"",66.4891369945685
2019-06-05,"",31.48
2019-06-06,"",64.335
2019-06-07,"",56.462
2019-06-08,"",34.482
2019-06-09,"",37.698
2019-06-10,"",123.077641025641
2019-06-11,"",127.296543107039
2019-06-12,"",59.8
2019-06-13,"",48.7
2019-06-14,"",97.7
2019-06-15,"",69.3
2019-06-16,"",104.934699562276
2019-06-17,"",75.9178092399404
2019-06-18,"",50.2249011857708
2019-06-19,"",39
2019-06-20,"",197.27700985292
2019-06-21,"",154.136960985626
2019-06-22,"",78.9531932093775
2019-06-23,"",44
2019-06-24,"",31.2221231422505
2019-07-01,"",44.726
2019-07-02,"",44.636
2019-07-03,"",98.877898089172
2019-07-04,"",87.6436975444979
2019-07-05,"",97.271315392189
2019-07-06,"",77.631
2019-07-07,"",120.872964426877
2019-07-08,"",170.254614562606
2019-07-09,"",101.233073375262
2019-07-10,"",52.4089379029522
2019-07-11,"",57.851
2019-07-12,"",55.444
2019-07-13,"",55.137
2019-07-14,"",51.282
2019-07-15,"",47.0680676895307
2019-07-16,"",49.518
2019-07-17,"",43.15790039491
2019-07-18,"",48.7919391560353
2019-07-19,"",64.01
2019-07-20,"",69.241
2019-07-21,"",3136.40905225864
2019-07-22,"",518.293619071455
2019-07-23,"",146.120046056419
2019-07-24,"",118.038674097191
2019-07-25,"",70.291
2019-07-26,"",85.958
2019-07-27,"",78.947
2019-07-28,"",58.591
2019-07-29,"",44.2761881188119
2019-07-30,"",51.15
2019-07-31,"",51.886
2019-08-01,"",45.551
2019-08-02,"",44.766
2019-08-03,"",45.578
2019-08-04,"",43.835
2019-08-05,"",53.3842311963655
2019-08-06,"",36.339
2019-08-07,"",65.891
2019-08-08,"",104.65
2019-08-09,"",58.487
2019-08-10,"",56.543
2019-08-11,"",51.14
2019-08-12,"",52.9717986191024
2019-08-13,"",63.6
2019-08-14,"",99.5640227476803
2019-08-15,"",83.1458883331967
2019-08-16,"",51.1
2019-08-17,"",53.1
2019-08-18,"",47.3
2019-08-19,"",307.522744525547
2019-08-20,"",111.239173877653
2019-08-21,"",57.3102195629553
2019-08-22,"",65.817
2019-08-23,"",55.128
2019-08-24,"",44.459
2019-08-25,"",44.648
2019-08-26,"",55.3280588235294
2019-08-27,"",103.91
2019-08-28,"",63.093
2019-08-29,"",47.82
2019-08-30,"",59.269
2019-08-31,"",55.591
2019-09-01,"",44.518
2019-09-02,"",39.811
2019-09-03,"",88.1037279596977
2019-09-04,"",51.109
2019-09-05,"",37.664
2019-09-06,"",36.721
2019-09-07,"",34.414
2019-09-08,"",36.593
2019-09-09,"",40.5781003401361
2019-09-10,"",38.871
2019-09-11,"",31.081
2019-09-12,"",35.3976101694915
2019-09-13,"",217.770897703549
2019-09-14,"",54.368
2019-09-15,"",60.773
2019-09-16,"",65.6087401855817
2019-09-17,"",45
2019-09-18,"",60.05
2019-09-19,"",45.454
2019-09-20,"",38.535
2019-09-21,"",41.188
2019-09-22,"",40.052
2019-09-23,"",58.327393461763
2019-09-24,"",44.825
2019-09-25,"",38.969
2019-09-26,"",36.691
2019-09-27,"",41.773
2019-09-28,"",294.809641066774
2019-09-29,"",189.165873707131
2019-09-30,"",94.0971423241423
2019-10-01,"",102.86
2019-10-02,"",79.944
2019-10-03,"",54.229
2019-10-04,"",66.031
2019-10-05,"",125.08
2019-10-06,"",65.274
2019-10-07,"",48.2224781330657
2019-10-08,"",29.9
2019-10-09,"",28.936
2019-10-10,"",31.013
2019-10-11,"",43.197
2019-10-12,"",30.872
2019-10-13,"",18.641
2019-10-14,"",19.2779342770475
2019-10-15,"",16.905
2019-10-16,"",23.422
2019-10-17,"",15.042
2019-10-18,"",4.961
2019-10-19,"",6.5402
2019-10-20,"",14.851
2019-10-21,"",25.1053994480855
2019-10-22,"",24.088
2019-10-23,"",12.96
2019-10-24,"",10.236
2019-10-25,"",10.821
2019-10-26,"",131.156240687679
2019-10-27,"",165.019380378658
2019-10-28,"",135.073825524667
2019-10-29,"",94.4822960145527
2019-10-30,"",58.4637032258065
2019-10-31,"",85.3821292090838
2019-11-01,"",76.5665594618056
2019-11-02,"",69.6445995525727
2019-11-03,"",46.9384205330701
2019-11-04,"",22.3670774456522
2019-11-05,"",19.1407845423143
2019-11-06,"",17.7012568951931
2019-11-07,"",11.803
2019-11-08,"",12.978
2019-11-09,"",10.54
2019-11-10,"",4.5781
2019-11-11,"",5.87904568147778
2019-11-12,"",8.1199
2019-11-13,"",7.083
2019-11-14,"",7.5291
2019-11-15,"",5.4982
2019-11-16,"",8.2079
2019-11-17,"",4.7945
2019-11-18,"",4.57429525768207
2019-11-19,"",6.553
2019-11-20,"",6.7385
2019-11-21,"",3.9011
2019-11-22,"",4.2866
2019-11-23,"",5.3908
2019-11-24,"",10.225
2019-11-25,"",6.5019
2019-11-26,"",6.9108
2019-11-27,"",141.3
2019-11-28,"",325.39
2019-11-29,"",133.07
2019-11-30,"",64.579
2019-12-01,"",38.589
2019-12-02,"",81.8471203980099
2019-12-03,"",75.496
2019-12-04,"",40.909
2019-12-05,"",23.578
2019-12-06,"",17.568
2019-12-07,"",13.192
2019-12-08,"",12.781
2019-12-09,"",13.4495036866646
2019-12-10,"",28.9708908952187
2019-12-11,"",42.2781572327044
2019-12-12,"",23.66
2019-12-13,"",11.756
2019-12-14,"",9.1803
2019-12-15,"",7.8947
2019-12-16,"",8.40328409805154
2019-12-17,"",4.6388
2019-12-19,"",5.2185
2019-12-21,"",5.2355
2019-12-23,"",3.9682
2019-12-25,"",6.0642
2019-12-27,"",8.4142
2019-12-29,"",207.62
2019-12-30,"",310.62
2019-12-31,"",132.53
2020-01-01,"",86.065
2020-01-02,"",48.332
2020-01-03,"",33.377
2020-01-04,"",28.395
2020-01-05,"",34.597
2020-01-06,"",21.8793186590105
2020-01-07,"",17.751
2020-01-08,"",14.916
2020-01-09,"",13.784
2020-01-10,"",11.695
2020-01-11,"",306.645737514518
2020-01-12,"",190.028988356557
2020-01-13,"",160.106415127684
2020-01-14,"",98.7557094072165
2020-01-15,"",56.8393895958084
2020-01-16,"",37.341
2020-01-17,"",31.289
2020-01-18,"",28.519
2020-01-19,"",28.215
2020-01-20,"",30.1803633440515
2020-01-21,"",25.084
2020-01-22,"",35.029
2020-01-23,"",21.373
2020-01-24,"",17.555
2020-01-25,"",69.4492165804356
2020-01-26,"",62.872751150611
2020-01-27,"",35.3013089562601
2020-01-28,"",27.2840092592593
2020-01-29,"",26.2305202386025
2020-01-30,"",21.462
2020-01-31,"",20.767
2020-02-01,"",17.473
2020-02-02,"",17.413
2020-02-03,"",22.3967596330275
2020-02-04,"",43.109
2020-02-05,"",30.487
2020-02-06,"",22.712
2020-02-07,"",16.985
2020-02-08,"",14.131
2020-02-09,"",13.689
2020-02-10,"",14.4169299097849
2020-02-11,"",32.3379033557047
2020-02-12,"",39.4817886178862
2020-02-13,"",28.645
2020-02-14,"",16.709
2020-02-15,"",11.795
2020-02-16,"",12.507
2020-02-17,"",12.2835902004454
2020-02-18,"",13.716
2020-02-19,"",15.873
2020-02-20,"",9.2936
2020-02-21,"",9.3147
2020-02-22,"",7.6654
2020-02-23,"",10.013
2020-02-24,"",13.2665245202559
2020-02-25,"",24.924
2020-02-26,"",43.6278124280782
2020-02-27,"",37.7821908801697
2020-02-28,"",20.557
2020-02-29,"",12.203
2020-03-01,"",10.197
2020-03-02,"",303.303699507389
2020-03-03,"",253.740621118012
2020-03-04,"",109.636294444444
2020-03-05,"",62.5176653992396
2020-03-06,"",48.192
2020-03-07,"",37.699
2020-03-08,"",32.844
2020-03-09,"",30.3827992351816
2020-03-10,"",29.45
2020-03-11,"",29.841
2020-03-12,"",25.748
2020-03-13,"",25.691
2020-03-14,"",19.607
2020-03-15,"",16.163
2020-03-16,"",14.3757080152672
2020-04-11,"",156.46
2020-04-13,"",104.85
2020-04-20,"",79.24
2020-04-27,"",65.504
2020-05-02,"",34.106
2020-05-03,"",29.716
2020-05-04,"",25.396
2020-05-11,"",12.281
2020-05-14,"",20.983
2020-05-15,"",40.133
2020-05-16,"",43.758
2020-05-17,"",47.586
2020-05-18,"",319.27
2020-05-19,"",421.93
2020-05-20,"",300.44
2020-05-21,"",135.69
2020-05-22,"",64.4
2020-05-24,"",39.399
2020-05-26,"",43.621
2020-05-28,"",62.97
2020-05-30,"",86.624
2020-05-31,"",77.154
2020-06-01,"",59.621014863749
2020-06-03,"",82.731
2020-06-04,"",67.539
2020-06-05,"",59.516
2020-06-06,"",62.581
2020-06-07,"",125.25
2020-06-08,"",82.446
2020-06-09,"",97.203
2020-06-10,"",44.164
2020-06-11,"",83.333
2020-06-13,"",153.84
2020-06-14,"",114.15
2020-06-15,"",89.619
2020-06-16,"",81.317
2020-06-17,"",63.786
2020-06-18,"",61.835
2020-06-19,"",68.965
2020-06-20,"",65.40621875
2020-06-21,"",74.898
2020-06-22,"",59.7365560859188
2020-06-23,"",68.943
2020-06-24,"",67.893
2020-06-25,"",66.127
2020-06-26,"",62.542
2020-06-27,"",82.128
2020-06-28,"",67.541
2020-06-29,"",76.8614444444444
2020-06-30,"",65.029
2020-07-01,"",58.162
2020-07-02,"",77.488
2020-07-03,"",74.32
2020-07-04,"",58.343
2020-07-05,"",57.265
2020-07-06,"",91.9681505681818
2020-07-07,"",41.076
2020-07-08,"",45.921
2020-07-09,"",48.902
2020-07-10,"",52.878
2020-07-11,"",65.864
2020-07-12,"",72.036
2020-07-13,"",113.236657738095
2020-07-14,"",77.682
2020-07-15,"",84.028
2020-07-16,"",71.428
2020-07-17,"",57.161
2020-07-18,"",94.953
2020-07-19,"",69.751
2020-07-20,"",59.7112066858375
2020-07-21,"",72.059
2020-07-22,"",69.751
2020-07-23,"",62.666
2020-07-24,"",52.735
2020-07-25,"",58.943
2020-07-26,"",52.459
2020-07-27,"",49.4708802488336
2020-07-28,"",54.881
2020-07-29,"",46.864
2020-07-30,"",42.784
2020-07-31,"",41.424
2020-08-01,"",66.294
2020-08-02,"",45.747
2020-08-03,"",47.7814946808511
2020-08-11,"",35.451
2020-08-12,"",34.3
2020-08-13,"",42.553
2020-08-14,"",34.319
2020-08-15,"",227.66
2020-08-16,"",69.881
2020-08-17,"",90.3568768768769
2020-08-18,"",71.618
2020-08-19,"",72.738
2020-08-20,"",51.211
2020-08-21,"",54.857
2020-08-22,"",45.877
2020-08-23,"",55.817
2020-08-24,"",61.9622325102881
2020-08-25,"",52.105
2020-08-26,"",55.405
2020-08-27,"",43.889
2020-08-28,"",35.42
2020-08-29,"",35.503
2020-08-30,"",73.619
2020-08-31,"",45.5917387551113
2020-09-01,"",62.777
2020-09-02,"",62.774
2020-09-03,"",66.374
2020-09-04,"",61.507
2020-09-05,"",68.119
2020-09-06,"",55.972
2020-09-07,"",61.0744722638681
2020-09-08,"",51.991
2020-09-09,"",54.184
2020-09-10,"",52.372
2020-09-11,"",59.531
2020-09-12,"",40.858
2020-09-13,"",53.293
2020-09-14,"",73.1167042606516
2020-09-15,"",45.19
2020-09-16,"",38.244
2020-09-17,"",42.262
2020-09-18,"",40.639
2020-09-19,"",19.12
2020-09-20,"",23.751
2020-09-21,"",48.4413973619126
2020-09-22,"",28.517
2020-09-23,"",29.468
2020-09-24,"",33.224
2020-09-25,"",34.678
2020-09-26,"",31.417
2020-09-27,"",32.386
2020-09-28,"",42.0174411492122
2020-09-29,"",30.181
2020-09-30,"",27.415
2020-10-01,"",16.35
2020-10-02,"",13.375
2020-10-03,"",9.0556
2020-10-04,"",20.652
2020-10-05,"",17.1997280617165
2020-10-06,"",15.417
2020-10-07,"",19.886
2020-10-08,"",20.214
2020-10-09,"",13.627
2020-10-10,"",19.138
2020-10-11,"",33.397
2020-10-12,"",37.1533710982659
2020-10-13,"",22.522
2020-10-14,"",20.502
2020-10-15,"",26.762
2020-10-16,"",15.748
2020-10-17,"",8.4251
2020-10-18,"",7.3089
2020-10-19,"",11.7600266808965
2020-10-20,"",6.8728
2020-10-21,"",22.712
2020-10-22,"",25
2020-10-23,"",21.16
2020-10-24,"",14.644
2020-10-25,"",9.9667
2020-10-26,"",9.31488999192897
2020-10-27,"",5.2117
2020-10-28,"",3.2216
2020-10-29,"",3.856
2020-10-30,"",3.3112
2020-10-31,"",2.6755
2020-11-01,"",2.5641
2020-11-02,"",3.2007838614591
2020-11-03,"",3.4246
2020-11-04,"",1.9999
2020-11-05,"",4.118
2020-11-06,"",4.4728
2020-11-07,"",2.6542
2020-11-08,"",4.1899
2020-11-09,"",8.67272360335196
2020-11-10,"",9.4722
2020-11-11,"",11.118
2020-11-12,"",9.247
2020-11-13,"",4.6326
2020-11-14,"",4.7201
2020-11-15,"",8.4635
2020-11-16,"",8.94914675052411
2020-11-30,"",5.3404
2020-12-07,"",6.424
2020-12-08,"",4.8176
2020-12-09,"",2.6595
2020-12-10,"",4.801
2020-12-11,"",7.1105
2020-12-12,"",9.4148
2020-12-13,"",7.2607
2020-12-14,"",8.86425450901804
2021-01-04,"",19.6212041284404
2021-01-05,"",18.0845833333333
2021-01-06,"",8.7884
2021-01-07,"",6.02
2021-01-08,"",3.8584
2021-01-09,"",6.5146
2021-01-10,"",2.7913
2021-01-11,"",5.66670131233596
2021-01-12,"",2.6755
2021-01-13,"",5.3583
2021-01-14,"",4.2017
2021-01-15,"",7.7369
2021-01-16,"",5.291
2021-01-17,"",5.188
2021-01-18,"",4.84881021377672
2021-01-19,"",4.7912
2021-01-20,"",4.2997
2021-01-21,"",4.0486
2021-01-22,"",4.8143
2021-01-23,"",4.4814
2021-01-24,"",3.9604
2021-01-25,"",2.99397579102281
2021-01-26,"",2.0067
2021-01-27,"",3.9395
2021-01-28,"",2.6178
2021-01-29,"",1.2837
2021-01-30,"",3.9164
2021-01-31,"",3.866
2021-02-01,"",2.19723494967978
2021-02-02,"",1.9467
2021-02-03,"",4.7137
2021-02-04,"",1.992
2021-02-05,"",4.4529
2021-02-06,"",2.5237
2021-02-07,"",3.2531
2021-02-08,"",3.41273739527799
2021-02-09,"",3.9787
2021-02-10,"",1.9468
2021-02-11,"",4.6296
2021-02-12,"",3.3489
2021-02-13,"",1.4005
2021-02-14,"",2.7586
2021-02-15,"",2.71125637254902
2021-02-16,"",3.3422
2021-02-17,"",2.5839
2021-02-18,"",4.0595
2021-02-19,"",3.434
2021-02-20,"",4.7361
2021-02-21,"",2.5493
2021-02-22,"",4.10908539325843
2021-02-23,"",4.7879
2021-02-24,"",7.8636
2021-02-25,"",17.925
2021-02-26,"",21.032
2021-02-27,"",17.532
2021-02-28,"",46.926
2021-03-01,"",85.1656224188791
2021-03-02,"",62.259
2021-03-03,"",38.027
2021-03-04,"",23.91
2021-03-05,"",18.354
2021-03-06,"",14.276
2021-03-07,"",11.564
2021-03-08,"",12.5130691876751
2021-03-09,"",18.505
2021-03-10,"",17.721
2021-03-11,"",20.526
2021-03-12,"",23.24
2021-03-13,"",15.282
2021-03-14,"",18.6888920863309
2021-03-15,"",16.053
2021-03-16,"",10.645
2021-03-17,"",6.5146
2021-03-18,"",15.691
2021-03-19,"",8.458
2021-03-20,"",10.482
2021-03-21,"",12.8963820224719
2021-03-22,"",13.87
2021-03-23,"",15.796
2021-03-24,"",17.798
2021-03-25,"",22.784
2021-03-26,"",222.12
2021-03-27,"",64.031
2021-03-28,"",124.85
2021-03-29,"",94.7290572390572
2021-03-30,"",76.254
2021-03-31,"",53.629
2021-04-01,"",40.682
2021-04-02,"",21.8
2021-04-03,"",16.307
2021-04-04,"",17.988
2021-04-05,"",20.0583929098966
2021-04-06,"",25.52
2021-04-07,"",25.609
2021-04-08,"",27.707
2021-04-09,"",30.483
2021-04-10,"",33.746
2021-04-11,"",31.694
2021-04-12,"",39.571779294653
2021-04-13,"",42.961
2021-04-14,"",28.629
2021-04-15,"",19.498
2021-04-16,"",16.129
2021-04-17,"",16.286
2021-04-18,"",21.364
2021-04-19,"",30.2222819905213
2021-04-20,"",22.712
2021-04-21,"",8.9858
2021-04-22,"",11.845
2021-04-23,"",10.666
2021-04-24,"",16.064
2021-04-25,"",15.4144433656958
2021-04-26,"",23.004
2021-04-27,"",21.102
2021-04-28,"",30.877
2021-04-29,"",25.54
2021-04-30,"",34.334
2021-05-01,"",25.832
2021-05-02,"",27.76
2021-05-03,"",40.689950877193
2021-05-04,"",28.086
2021-05-05,"",28.571
2021-05-06,"",24.898
2021-05-07,"",21.693
2021-05-08,"",15.71
2021-05-09,"",104.487444676409
2021-05-10,"",90.8024542553191
2021-05-11,"",41.078
2021-05-12,"",34.045
2021-05-13,"",25.495
2021-05-14,"",24.487
2021-05-15,"",22.803
2021-05-16,"",26.955
2021-05-17,"",29.8375941704036
2021-05-18,"",28.859
2021-05-19,"",45.022
2021-05-20,"",47.85
2021-05-21,"",39.747
2021-05-22,"",36.577
2021-05-23,"",54.054
2021-05-24,"",35.029770005596
2021-05-25,"",35.971
2021-05-26,"",49.342
2021-05-27,"",40.245
2021-05-28,"",89.993
2021-05-29,"",40.504
2021-05-30,"",36.959
2021-05-31,"",35.614
2021-06-01,"",58.0249213973799
2021-06-02,"",46.349
2021-06-03,"",64.38
2021-06-04,"",41.011
2021-06-05,"",43.132
2021-06-06,"",54.2
2021-06-07,"",50.6688229166667
2021-06-08,"",58.507
2021-06-09,"",145.13
2021-06-10,"",149.46
2021-06-11,"",132.11
2021-06-12,"",99.476
2021-06-13,"",75.351
2021-06-14,"",116.518007603186
2021-06-15,"",58.459
2021-06-16,"",62.069
2021-06-17,"",65.663
2021-06-18,"",82.307
2021-06-19,"",75.923
2021-06-20,"",69.382
2021-06-21,"",159.69
2021-06-22,"",276.458571428571
2021-06-23,"",124.77
2021-06-24,"",64.38
2021-06-25,"",51.316
2021-06-26,"",181.74
2021-06-27,"",173.46
2021-06-28,"",134.576787626413
2021-06-29,"",91.307
2021-06-30,"",81.259
2021-07-01,"",85.292
2021-07-02,"",61.786
2021-07-03,"",58.623
2021-07-04,"",61.614
2021-07-05,"",55.8533995485327
2021-07-06,"",57.516
2021-07-07,"",82.368
2021-07-08,"",117.6
2021-07-09,"",122.96
2021-07-10,"",70.373
2021-07-11,"",53.998
2021-07-12,"",88.6095622775801
2021-07-13,"",391.13
2021-07-14,"",133.81
2021-07-15,"",111.03
2021-07-16,"",75.534
2021-07-17,"",109.39
2021-07-18,"",156.84
2021-07-19,"",97.4960862865948
2021-07-20,"",80.559
2021-07-21,"",57.629
2021-07-22,"",52.809
2021-07-23,"",110.51
2021-07-24,"",218.32
2021-07-25,"",247.32
2021-07-26,"",68.6197337398374
2021-07-27,"",29.333
2021-07-28,"",17.241
2021-07-29,"",16.37
2021-07-30,"",14.12
2021-07-31,"",20.221
2021-08-01,"",21.935
2021-08-02,"",32.735025477707
2021-08-03,"",39.577
2021-08-04,"",44.088
2021-08-05,"",45.751
2021-08-06,"",52.463
2021-08-07,"",46.56
2021-08-08,"",46.384
2021-08-09,"",48.8098565906455
2021-08-10,"",45.484
2021-08-11,"",50.847
2021-08-12,"",49.217
2021-08-13,"",47.823
2021-08-14,"",92.617
2021-08-15,"",67.307
2021-08-16,"",50.9797762096774
2021-08-17,"",71.294
2021-08-18,"",45.899
2021-08-19,"",47.912
2021-08-20,"",46.254
2021-08-21,"",38.334
2021-08-22,"",45.454
2021-08-23,"",42.0787549711353
2021-08-24,"",45.245
2021-08-29,"",36.236
2021-08-30,"",43.2924161220044
2021-08-31,"",40.983
2021-09-01,"",41.994
2021-09-02,"",39.95
2021-09-03,"",43.147
2021-09-04,"",33.492
2021-09-05,"",42.156
2021-09-06,"",38.6713333333333
2021-09-07,"",34.597
2021-09-08,"",36.314
2021-09-09,"",36.74
2021-09-10,"",35.486
2021-09-11,"",34.698
2021-09-12,"",31.512
2021-09-13,"",39.1367726847521
2021-09-14,"",28.018
2021-09-15,"",29.87
2021-09-16,"",33.596
2021-09-17,"",40.268
2021-09-18,"",37.294
2021-09-19,"",35.335
2021-09-20,"",112.418681978799
2021-09-21,"",39.215
2021-09-22,"",43.692
2021-09-23,"",81.279
2021-09-24,"",86.734
2021-09-25,"",95.117
2021-09-26,"",109.2
2021-09-27,"",68.461348499516
2021-09-28,"",62.771
2021-09-29,"",57.051
2021-09-30,"",39.807
2021-10-01,"",38.881
2021-10-02,"",34.674
2021-10-03,"",38.194
2021-10-04,"",47.2088315789474
2021-10-05,"",148.48
2021-10-06,"",143.97
2021-10-07,"",83.092
2021-10-08,"",59.505
2021-10-09,"",90.847
2021-10-10,"",72.494
2021-10-11,"",51.305
2021-10-12,"",36.29
2021-10-13,"",49.931
2021-10-14,"",40.108
2021-10-15,"",130.79
2021-10-16,"",72.179
2021-10-17,"",63.764
2021-10-18,"",45.3465221736415
2021-10-19,"",34.843
2021-10-20,"",30.263
2021-10-21,"",30.44
2021-10-22,"",45.58
2021-10-23,"",53.108
2021-10-24,"",45.569
2021-10-25,"",234.151618299761
2021-10-26,"",90.2
2021-10-27,"",60.357
2021-10-28,"",36.526
2021-10-29,"",29.85
2021-10-30,"",22.727
2021-10-31,"",24.595
2021-11-01,"",27.0719900990099
2021-11-02,"",17.555
2021-11-03,"",14.189
2021-11-04,"",15.417
2021-11-05,"",14.542
2021-11-06,"",12.371
2021-11-07,"",9.5238
2021-11-08,"",8.4352523943662
2021-11-09,"",7.926
2021-11-10,"",7.4424
2021-11-11,"",6.2735
2021-11-12,"",5.1183
2021-11-13,"",6.1898
2021-11-14,"",3.8961
2021-11-15,"",8.16790532786885
2021-11-16,"",5.3835
2021-11-17,"",4.7043
2021-11-18,"",1.3745
2021-11-19,"",4.0788
2021-11-20,"",4.676
2021-11-21,"",4.0026
2021-11-22,"",5.8593
2021-11-23,"",5.291
2021-11-24,"",4.0788
2021-11-25,"",5.2562
2021-11-26,"",3.9919
2021-11-27,"",4.9157
2021-11-28,"",6.5573
2021-11-29,"",6.14038821548822
2021-11-30,"",5.867
2021-12-01,"",5.2151
2021-12-02,"",9.9338
2021-12-03,"",8.119
2021-12-04,"",5.9523
2021-12-05,"",63.063
2021-12-06,"",124.40029482842
2021-12-07,"",133.96
2021-12-08,"",62.082
2021-12-09,"",29.411
2021-12-10,"",18.855
2021-12-11,"",647.37
2021-12-12,"",391.16
2021-12-13,"",153.293869463869
2021-12-14,"",83.146
2021-12-15,"",51.928
2021-12-16,"",42.657
2021-12-18,"",55.756
2021-12-20,"",46.477
2021-12-22,"",22.032
2021-12-24,"",16.985
2021-12-26,"",14.454
2021-12-28,"",90.909
2021-12-29,"",58.091
2021-12-30,"",47.364
2021-12-31,"",33.286
2022-01-02,"",20.818
2022-01-03,"",38.502096176822
2022-01-04,"",16.54
2022-01-05,"",16.276
2022-01-06,"",29.299
2022-01-09,"",16.208
2022-01-10,"",19.2687611650485
2022-01-11,"",8.8016
2022-01-12,"",8.0482
2022-01-13,"",8.0591
2022-01-14,"",7.4677
2022-01-15,"",6.6445
2022-01-16,"",7.2273
2022-01-17,"",6.27695
2022-01-18,"",4.8342
2022-01-19,"",3.3715
2022-01-20,"",3.4843
2022-01-21,"",6.6225
2022-01-22,"",5.239
2022-01-23,"",6.7069
2022-01-24,"",4.44919527896996
2022-01-25,"",3.32
2022-01-26,"",5.5096
2022-01-27,"",4.926
2022-01-28,"",5.3619
2022-01-29,"",5.1981
2022-01-30,"",2.77
2022-01-31,"",4.02582587064677
2022-02-01,"",4.8409
2022-02-02,"",14.15
2022-02-03,"",7.7903
2022-02-04,"",7.5967
2022-02-05,"",7.9479
2022-02-06,"",7.7301
2022-02-07,"",6.55626089965398
2022-02-08,"",4.7814
2022-02-09,"",4.1351
2022-02-10,"",3.3921
2022-02-11,"",3.9344
2022-02-12,"",11.325
2022-02-13,"",8.28176326530612
2022-02-14,"",6.96171625
2022-02-15,"",6.0851
2022-02-16,"",5.9642
2022-02-17,"",176.25
2022-02-18,"",80.497
2022-02-19,"",66.3235121951219
2022-02-20,"",50.2341620111732
2022-02-21,"",29.1025680751174
2022-02-22,"",31.002
2022-02-23,"",35.169
2022-02-24,"",34.996
2022-02-25,"",27.201
2022-02-26,"",19.435
2022-02-27,"",17.857
2022-02-28,"",19.0267142857143
2022-03-01,"",18.305
2022-03-02,"",21.462
2022-03-03,"",24.547
2022-03-04,"",23.972
2022-03-05,"",18.374
2022-03-06,"",40.733
2022-03-07,"",47.2673074712644
2022-03-08,"",81.701
2022-03-09,"",54.726
2022-03-10,"",33.933
2022-03-11,"",26.824
2022-03-12,"",19.943
2022-03-13,"",16.161
2022-03-14,"",13.1306475644699
2022-03-15,"",15.95
2022-03-16,"",16.6
2022-03-17,"",22.711
2022-03-18,"",23.287
2022-03-19,"",134.72
2022-03-20,"",161.65
2022-03-21,"",79.7000987124463
2022-03-22,"",48.089
2022-03-23,"",34.204
2022-03-24,"",136.47
2022-03-25,"",86.792
2022-03-26,"",52.337
2022-03-27,"",33.933
2022-03-28,"",26.1904190871369
2022-03-29,"",25.923
2022-03-30,"",27.343
2022-03-31,"",27.1
2022-04-01,"",25.742
2022-04-02,"",16.231
2022-04-03,"",14.844
2022-04-04,"",14.1796652298851
2022-04-05,"",23.129
2022-04-06,"",35.465
2022-04-07,"",31.071
2022-04-08,"",52.089
2022-04-09,"",29.468
2022-04-10,"",17.218
2022-04-11,"",14.4380920245399
2022-04-12,"",17.229
2022-04-13,"",22.698
2022-04-14,"",21.766
2022-04-15,"",20.367
2022-04-16,"",17.723
2022-04-17,"",11.805
2022-04-18,"",10.4042978473581
2022-04-20,"",5.7766
2022-04-21,"",7.2178
2022-04-22,"",16.914
2022-04-23,"",12.945
2022-04-24,"",26.606
2022-04-25,"",17.6598730512249
2022-04-26,"",20.395
2022-04-27,"",11.378
2022-04-28,"",8.1967
2022-04-29,"",9.8748
2022-04-30,"",19.195
2022-05-01,"",46.057
2022-05-02,"",25.8737876213592
2022-05-03,"",32.336
2022-05-04,"",146.74
2022-05-05,"",104.95
2022-05-06,"",58.865
2022-05-07,"",39.832
2022-05-08,"",45.897
2022-05-09,"",40.4330865438303
2022-05-10,"",45.54
2022-05-11,"",38.309
2022-05-12,"",84.37
2022-05-13,"",47.275
2022-05-14,"",48.846
2022-05-15,"",40.567
2022-05-16,"",109.3
2022-05-17,"",66.567
2022-05-18,"",49.391
2022-05-19,"",49.087
2022-05-20,"",62.411
2022-05-21,"",71.677
2022-05-22,"",52.824
2022-05-23,"",45.7667115044248
2022-05-24,"",92.369
2022-05-25,"",160.95
2022-05-26,"",77.079
2022-05-27,"",74.438
2022-05-28,"",52.67
2022-05-29,"",51.028
2022-05-30,"",45.362
2022-05-31,"",45.0755
2022-06-01,"",50.131
2022-06-02,"",51.567
2022-06-03,"",48.583
2022-06-04,"",48.563
2022-06-05,"",81.4725336927224
2022-06-06,"",44.642
2022-06-07,"",742.94
2022-06-08,"",181.47
2022-06-09,"",99.796
2022-06-10,"",97.713
2022-06-11,"",67.251
2022-06-12,"",60.266
2022-06-13,"",61.0766212121212
2022-06-14,"",745.24
2022-06-15,"",520.56
2022-06-16,"",185.41
2022-06-17,"",89.783
2022-06-18,"",94.298
2022-06-19,"",87.186
2022-06-20,"",79.021
2022-06-21,"",68.8820853658537
2022-06-22,"",70.641
2022-06-23,"",57.548
2022-06-24,"",59.876
2022-06-25,"",64.03
2022-06-26,"",72.909
2022-06-27,"",51.0641491712707
2022-06-28,"",54.105
2022-06-29,"",54.016
2022-06-30,"",42.807
2022-07-01,"",85.106
2022-07-02,"",40.983
2022-07-03,"",39.28
2022-07-04,"",40.775
2022-07-05,"",54.2107095300261
2022-07-06,"",122.05
2022-07-07,"",102.11
2022-07-08,"",75.457
2022-07-09,"",87.694
2022-07-10,"",54.58
2022-07-11,"",52.2565
2022-07-12,"",50.477
2022-07-13,"",51.956
2022-07-14,"",50.9
2022-07-15,"",58.558
2022-07-16,"",75.435
2022-07-17,"",71.837
2022-07-18,"",106.111144208038
2022-07-19,"",74.404
2022-07-20,"",74.82
2022-07-21,"",56.564
2022-07-22,"",54.909
2022-07-23,"",71.283
2022-07-24,"",47.254
2022-07-25,"",53.9286643356643
2022-07-26,"",43.927
2022-07-27,"",45.961
2022-07-28,"",40.557
2022-07-29,"",44.59
2022-07-30,"",48.005
2022-07-31,"",43.179
2022-08-01,"",36.5665084033613
2022-08-02,"",39.431
2022-08-03,"",34.685
2022-08-04,"",34.317
2022-08-05,"",31.271
2022-08-06,"",33.23
2022-08-07,"",59.829
2022-08-08,"",76.8480293941212
2022-08-09,"",131.17
2022-08-10,"",59.44
2022-08-11,"",60.709
2022-08-12,"",65.142
2022-08-13,"",58.181
2022-08-14,"",80.608
2022-08-15,"",129.161739130435
2022-08-16,"",50.305
2022-08-17,"",52.595
2022-08-18,"",56.751
2022-08-19,"",53.184
2022-08-20,"",51.93
2022-08-21,"",57.73
2022-08-22,"",62.000291629956
2022-08-23,"",54.913
2022-08-24,"",69.463
2022-08-25,"",53.716
2022-08-26,"",58.823
2022-08-27,"",60.436
2022-08-28,"",56.894
2022-08-29,"",159.288163452709
2022-08-30,"",66.072
2022-08-31,"",49.546
2022-09-01,"",50.684
2022-09-02,"",51.831
2022-09-03,"",44.921
2022-09-04,"",51.745
2022-09-05,"",59.911
2022-09-06,"",50.534
2022-09-07,"",49.382
2022-09-08,"",53.808
2022-09-09,"",49.45
2022-09-10,"",50.443
2022-09-11,"",50
2022-09-12,"",61.0641301558204
2022-09-13,"",113.08
2022-09-14,"",40.41
2022-09-15,"",48
2022-09-16,"",45.006
2022-09-17,"",47.646
2022-09-18,"",47.619
2022-09-19,"",44.2798797327394
2022-09-20,"",47.843
2022-09-21,"",46.496
2022-09-22,"",44.756
2022-09-23,"",33.145
2022-09-24,"",30.124
2022-09-25,"",25.179
2022-09-26,"",24.89723
2022-09-27,"",24.19355
2022-09-28,"",20.91503
2022-09-29,"",20.73882
